title,author,length,user-agent
Da Big Dakka,Mike Brooks,Length: 9 hrs and 25 mins,"Mozilla/5.0 (Macintosh; Intel Mac OS X 10_15_0) AppleWebKit/537.36 (KHTML, like Gecko) Chrome/91.0.4472.114 Safari/537.36"
Killing Booth,Lani Lynn Vale,Length: 5 hrs and 55 mins,"Mozilla/5.0 (Macintosh; Intel Mac OS X 10_15_0) AppleWebKit/537.36 (KHTML, like Gecko) Chrome/91.0.4472.114 Safari/537.36"
Gene Harvest,Joshua Rettew,Length: 19 hrs and 52 mins,"Mozilla/5.0 (Macintosh; Intel Mac OS X 10_15_0) AppleWebKit/537.36 (KHTML, like Gecko) Chrome/91.0.4472.114 Safari/537.36"
"Psycho Gods: Arans's Story, Book 3",Jasmine Mas,Length: 19 hrs and 34 mins,"Mozilla/5.0 (Macintosh; Intel Mac OS X 10_15_0) AppleWebKit/537.36 (KHTML, like Gecko) Chrome/91.0.4472.114 Safari/537.36"
Defiance of the Fall 12,"TheFirstDefier,JF Brink",Length: 26 hrs and 24 mins,"Mozilla/5.0 (Macintosh; Intel Mac OS X 10_15_0) AppleWebKit/537.36 (KHTML, like Gecko) Chrome/91.0.4472.114 Safari/537.36"
Contested Crown,Kai Butler,Length: 13 hrs and 2 mins,"Mozilla/5.0 (Macintosh; Intel Mac OS X 10_15_0) AppleWebKit/537.36 (KHTML, like Gecko) Chrome/91.0.4472.114 Safari/537.36"
The Justice,"James Patterson,Aaron Cooley",Length: 2 hrs and 57 mins,"Mozilla/5.0 (Macintosh; Intel Mac OS X 10_15_0) AppleWebKit/537.36 (KHTML, like Gecko) Chrome/91.0.4472.114 Safari/537.36"
On the Mountain,Riley Hart,Length: 8 hrs and 17 mins,"Mozilla/5.0 (Macintosh; Intel Mac OS X 10_15_0) AppleWebKit/537.36 (KHTML, like Gecko) Chrome/91.0.4472.114 Safari/537.36"
The Heavenly Serpent,Alvin Atwater,Length: 15 hrs and 47 mins,"Mozilla/5.0 (Macintosh; Intel Mac OS X 10_15_0) AppleWebKit/537.36 (KHTML, like Gecko) Chrome/91.0.4472.114 Safari/537.36"
Passions in Death,J. D. Robb,Length: 12 hrs and 51 mins,"Mozilla/5.0 (Macintosh; Intel Mac OS X 10_15_0) AppleWebKit/537.36 (KHTML, like Gecko) Chrome/91.0.4472.114 Safari/537.36"
"Climbing the Dragon's Tower Omnibus, Books 1-3",Han Yang,Length: 30 hrs,"Mozilla/5.0 (Macintosh; Intel Mac OS X 10_15_0) AppleWebKit/537.36 (KHTML, like Gecko) Chrome/91.0.4472.114 Safari/537.36"
Crown,Nicoli Gonnella,Length: 22 hrs and 7 mins,"Mozilla/5.0 (Macintosh; Intel Mac OS X 10_15_0) AppleWebKit/537.36 (KHTML, like Gecko) Chrome/91.0.4472.114 Safari/537.36"
Vanished Trails,"L.T. Ryan,C.R. Gray",Length: 8 hrs and 16 mins,"Mozilla/5.0 (Macintosh; Intel Mac OS X 10_15_0) AppleWebKit/537.36 (KHTML, like Gecko) Chrome/91.0.4472.114 Safari/537.36"
Dormitory Demon,Kirk Mason,Length: 9 hrs and 46 mins,"Mozilla/5.0 (Macintosh; Intel Mac OS X 10_15_0) AppleWebKit/537.36 (KHTML, like Gecko) Chrome/91.0.4472.114 Safari/537.36"
The Surrogate,Penelope Ward,Length: 9 hrs and 52 mins,"Mozilla/5.0 (Macintosh; Intel Mac OS X 10_15_0) AppleWebKit/537.36 (KHTML, like Gecko) Chrome/91.0.4472.114 Safari/537.36"
Magical Midlife Awakening,K.F. Breene,Length: 10 hrs and 7 mins,"Mozilla/5.0 (Macintosh; Intel Mac OS X 10_15_0) AppleWebKit/537.36 (KHTML, like Gecko) Chrome/91.0.4472.114 Safari/537.36"
Easy Does It,K.M. Neuhold,Length: 6 hrs and 37 mins,"Mozilla/5.0 (Macintosh; Intel Mac OS X 10_15_0) AppleWebKit/537.36 (KHTML, like Gecko) Chrome/91.0.4472.114 Safari/537.36"
Midnight Valentine,J.T. Geissinger,Length: 8 hrs and 4 mins,"Mozilla/5.0 (Macintosh; Intel Mac OS X 10_15_0) AppleWebKit/537.36 (KHTML, like Gecko) Chrome/91.0.4472.114 Safari/537.36"
The Shattered Path,Edward W. Robertson,Length: 18 hrs and 40 mins,"Mozilla/5.0 (Macintosh; Intel Mac OS X 10_15_0) AppleWebKit/537.36 (KHTML, like Gecko) Chrome/91.0.4472.114 Safari/537.36"
Mother Maker,Jenni Bara,Length: 8 hrs and 33 mins,"Mozilla/5.0 (Macintosh; Intel Mac OS X 10_15_0) AppleWebKit/537.36 (KHTML, like Gecko) Chrome/91.0.4472.114 Safari/537.36"
Dragon's Magic,Nora Phoenix,Length: 7 hrs and 31 mins,"Mozilla/5.0 (Macintosh; Intel Mac OS X 10_15_0) AppleWebKit/537.36 (KHTML, like Gecko) Chrome/91.0.4472.114 Safari/537.36"
Charlotte and the Seductive Spymaster,Grace Callaway,Length: 11 hrs and 35 mins,"Mozilla/5.0 (Macintosh; Intel Mac OS X 10_15_0) AppleWebKit/537.36 (KHTML, like Gecko) Chrome/91.0.4472.114 Safari/537.36"
Through the Eyes of Desperation,Aron Beauregard,Length: 7 hrs and 41 mins,"Mozilla/5.0 (Macintosh; Intel Mac OS X 10_15_0) AppleWebKit/537.36 (KHTML, like Gecko) Chrome/91.0.4472.114 Safari/537.36"
I Married an Incubus,Regine Abel,Length: 9 hrs and 14 mins,"Mozilla/5.0 (Macintosh; Intel Mac OS X 10_15_0) AppleWebKit/537.36 (KHTML, like Gecko) Chrome/91.0.4472.114 Safari/537.36"
Murder at the Island Hotel,Helena Dixon,Length: 7 hrs and 26 mins,"Mozilla/5.0 (Macintosh; Intel Mac OS X 10_15_0) AppleWebKit/537.36 (KHTML, like Gecko) Chrome/91.0.4472.114 Safari/537.36"
The Ghosts of Barak-Minoz,Guy Haley,Length: 10 hrs and 39 mins,"Mozilla/5.0 (Macintosh; Intel Mac OS X 10_15_0) AppleWebKit/537.36 (KHTML, like Gecko) Chrome/91.0.4472.114 Safari/537.36"
Super Powereds: Year 4 (Part 2 of 4) (Dramatized Adaptation),Drew Hayes,Length: 6 hrs and 51 mins,"Mozilla/5.0 (Macintosh; Intel Mac OS X 10_15_0) AppleWebKit/537.36 (KHTML, like Gecko) Chrome/91.0.4472.114 Safari/537.36"
Recon,Craig Alanson,Length: 17 hrs and 53 mins,"Mozilla/5.0 (Macintosh; Intel Mac OS X 10_15_0) AppleWebKit/537.36 (KHTML, like Gecko) Chrome/91.0.4472.114 Safari/537.36"
Joy Ride,Jennifer Saviano,Length: 1 hr and 54 mins,"Mozilla/5.0 (Macintosh; Intel Mac OS X 10_15_0) AppleWebKit/537.36 (KHTML, like Gecko) Chrome/91.0.4472.114 Safari/537.36"
Goblin Adventurer,Micky Carre,Length: 8 hrs and 45 mins,"Mozilla/5.0 (Macintosh; Intel Mac OS X 10_15_0) AppleWebKit/537.36 (KHTML, like Gecko) Chrome/91.0.4472.114 Safari/537.36"
No Apologies,Katherine Brodsky,Length: 6 hrs and 43 mins,"Mozilla/5.0 (Macintosh; Intel Mac OS X 10_15_0) AppleWebKit/537.36 (KHTML, like Gecko) Chrome/91.0.4472.114 Safari/537.36"
Blood Money,Peter Schweizer,Length: 7 hrs and 43 mins,"Mozilla/5.0 (Macintosh; Intel Mac OS X 10_15_0) AppleWebKit/537.36 (KHTML, like Gecko) Chrome/91.0.4472.114 Safari/537.36"
Wind and Truth,Brandon Sanderson,Length: 40 hrs,"Mozilla/5.0 (Macintosh; Intel Mac OS X 10_15_0) AppleWebKit/537.36 (KHTML, like Gecko) Chrome/91.0.4472.114 Safari/537.36"
The Thief,Dannika Dark,Length: 10 hrs and 35 mins,"Mozilla/5.0 (Macintosh; Intel Mac OS X 10_15_0) AppleWebKit/537.36 (KHTML, like Gecko) Chrome/91.0.4472.114 Safari/537.36"
Grace and Glory (Dramatized Adaptation),Jennifer L. Armentrout,Length: 10 hrs and 27 mins,"Mozilla/5.0 (Macintosh; Intel Mac OS X 10_15_0) AppleWebKit/537.36 (KHTML, like Gecko) Chrome/91.0.4472.114 Safari/537.36"
Reality in Check,Emily Banting,Length: 9 hrs and 12 mins,"Mozilla/5.0 (Macintosh; Intel Mac OS X 10_15_0) AppleWebKit/537.36 (KHTML, like Gecko) Chrome/91.0.4472.114 Safari/537.36"
Threads of Fate,Luke Chmilenko,Length: 21 hrs and 40 mins,"Mozilla/5.0 (Macintosh; Intel Mac OS X 10_15_0) AppleWebKit/537.36 (KHTML, like Gecko) Chrome/91.0.4472.114 Safari/537.36"
The Agatha Christie Collection,Agatha Christie,Length: 59 hrs and 23 mins,"Mozilla/5.0 (Macintosh; Intel Mac OS X 10_15_0) AppleWebKit/537.36 (KHTML, like Gecko) Chrome/91.0.4472.114 Safari/537.36"
Demon's Bluff,Kim Harrison,Length: 18 hrs,"Mozilla/5.0 (Macintosh; Intel Mac OS X 10_15_0) AppleWebKit/537.36 (KHTML, like Gecko) Chrome/91.0.4472.114 Safari/537.36"
The Endarkened,Franklin Horton,Length: 9 hrs and 42 mins,"Mozilla/5.0 (Macintosh; Intel Mac OS X 10_15_0) AppleWebKit/537.36 (KHTML, like Gecko) Chrome/91.0.4472.114 Safari/537.36"
Defy the Storm,"Tessa Gratton,Justina Ireland",Length: 10 hrs and 48 mins,"Mozilla/5.0 (Macintosh; Intel Mac OS X 10_15_0) AppleWebKit/537.36 (KHTML, like Gecko) Chrome/91.0.4472.114 Safari/537.36"
Black Eagle,Jack Slater,Length: 13 hrs and 3 mins,"Mozilla/5.0 (Macintosh; Intel Mac OS X 10_15_0) AppleWebKit/537.36 (KHTML, like Gecko) Chrome/91.0.4472.114 Safari/537.36"
Betrayal Road,Christine Feehan,Length: 11 hrs and 15 mins,"Mozilla/5.0 (Macintosh; Intel Mac OS X 10_15_0) AppleWebKit/537.36 (KHTML, like Gecko) Chrome/91.0.4472.114 Safari/537.36"
We Who Wrestle with God,Jordan B. Peterson,Length: 13 hrs,"Mozilla/5.0 (Macintosh; Intel Mac OS X 10_15_0) AppleWebKit/537.36 (KHTML, like Gecko) Chrome/91.0.4472.114 Safari/537.36"
Hell Divers XII: Heroes,Nicholas Sansbury Smith,Length: 13 hrs,"Mozilla/5.0 (Macintosh; Intel Mac OS X 10_15_0) AppleWebKit/537.36 (KHTML, like Gecko) Chrome/91.0.4472.114 Safari/537.36"
House of Light and Ether,Leia Stone,Length: 7 hrs and 20 mins,"Mozilla/5.0 (Macintosh; Intel Mac OS X 10_15_0) AppleWebKit/537.36 (KHTML, like Gecko) Chrome/91.0.4472.114 Safari/537.36"
The Waiting,Michael Connelly,Length: 12 hrs,"Mozilla/5.0 (Macintosh; Intel Mac OS X 10_15_0) AppleWebKit/537.36 (KHTML, like Gecko) Chrome/91.0.4472.114 Safari/537.36"
Stone Age Hero 2,Quentin Kilgore,Length: 6 hrs and 28 mins,"Mozilla/5.0 (Macintosh; Intel Mac OS X 10_15_0) AppleWebKit/537.36 (KHTML, like Gecko) Chrome/91.0.4472.114 Safari/537.36"
The Witches of Salix Pointe 3,Noelle Vella,Length: 14 hrs and 16 mins,"Mozilla/5.0 (Macintosh; Intel Mac OS X 10_15_0) AppleWebKit/537.36 (KHTML, like Gecko) Chrome/91.0.4472.114 Safari/537.36"
Ember,"Jeffrey Wilson,Brian Andrews",Length: 14 hrs,"Mozilla/5.0 (Macintosh; Intel Mac OS X 10_15_0) AppleWebKit/537.36 (KHTML, like Gecko) Chrome/91.0.4472.114 Safari/537.36"
Tempting Promises,Corinne Michaels,Length: 9 hrs and 32 mins,"Mozilla/5.0 (Macintosh; Intel Mac OS X 10_15_0) AppleWebKit/537.36 (KHTML, like Gecko) Chrome/91.0.4472.114 Safari/537.36"
The Interview,Donna Alam,Length: 16 hrs and 31 mins,"Mozilla/5.0 (Macintosh; Intel Mac OS X 10_15_0) AppleWebKit/537.36 (KHTML, like Gecko) Chrome/91.0.4472.114 Safari/537.36"
Red Sky Mourning,Jack Carr,Length: 15 hrs and 30 mins,"Mozilla/5.0 (Macintosh; Intel Mac OS X 10_15_0) AppleWebKit/537.36 (KHTML, like Gecko) Chrome/91.0.4472.114 Safari/537.36"
The House of Hidden Meanings,RuPaul,Length: 7 hrs and 7 mins,"Mozilla/5.0 (Macintosh; Intel Mac OS X 10_15_0) AppleWebKit/537.36 (KHTML, like Gecko) Chrome/91.0.4472.114 Safari/537.36"
The Frost Killer,"L.T. Ryan,Biba Pearce",Length: 8 hrs and 32 mins,"Mozilla/5.0 (Macintosh; Intel Mac OS X 10_15_0) AppleWebKit/537.36 (KHTML, like Gecko) Chrome/91.0.4472.114 Safari/537.36"
Ring the Bell,Jon Majak,Length: 6 hrs and 16 mins,"Mozilla/5.0 (Macintosh; Intel Mac OS X 10_15_0) AppleWebKit/537.36 (KHTML, like Gecko) Chrome/91.0.4472.114 Safari/537.36"
Gravesong,pirateaba,Length: 17 hrs and 48 mins,"Mozilla/5.0 (Macintosh; Intel Mac OS X 10_15_0) AppleWebKit/537.36 (KHTML, like Gecko) Chrome/91.0.4472.114 Safari/537.36"
"Summoners Shadow Omnibus, Books 1-3",DB. King,Length: 39 hrs and 24 mins,"Mozilla/5.0 (Macintosh; Intel Mac OS X 10_15_0) AppleWebKit/537.36 (KHTML, like Gecko) Chrome/91.0.4472.114 Safari/537.36"
Seductive Sin,Helen Hardt,Length: 6 hrs and 33 mins,"Mozilla/5.0 (Macintosh; Intel Mac OS X 10_15_0) AppleWebKit/537.36 (KHTML, like Gecko) Chrome/91.0.4472.114 Safari/537.36"
Ama tu soledad [Love Your Solitude],Borja Vilaseca,Length: 4 hrs and 49 mins,"Mozilla/5.0 (Macintosh; Intel Mac OS X 10_15_0) AppleWebKit/537.36 (KHTML, like Gecko) Chrome/91.0.4472.114 Safari/537.36"
The Housemaid Is Watching,Freida McFadden,Length: 11 hrs and 42 mins,"Mozilla/5.0 (Macintosh; Intel Mac OS X 10_15_0) AppleWebKit/537.36 (KHTML, like Gecko) Chrome/91.0.4472.114 Safari/537.36"
Handled,Eva Sherie,Length: 2 hrs and 40 mins,"Mozilla/5.0 (Macintosh; Intel Mac OS X 10_15_0) AppleWebKit/537.36 (KHTML, like Gecko) Chrome/91.0.4472.114 Safari/537.36"
Indecent Hexposure,Amanda M. Lee,Length: 29 hrs and 16 mins,"Mozilla/5.0 (Macintosh; Intel Mac OS X 10_15_0) AppleWebKit/537.36 (KHTML, like Gecko) Chrome/91.0.4472.114 Safari/537.36"
The Grey Wolf,Louise Penny,Length: 12 hrs and 51 mins,"Mozilla/5.0 (Macintosh; Intel Mac OS X 10_15_0) AppleWebKit/537.36 (KHTML, like Gecko) Chrome/91.0.4472.114 Safari/537.36"
I See You,Amy Kemp,Length: 6 hrs and 38 mins,"Mozilla/5.0 (Macintosh; Intel Mac OS X 10_15_0) AppleWebKit/537.36 (KHTML, like Gecko) Chrome/91.0.4472.114 Safari/537.36"
Attack from Within,Barbara McQuade,Length: 10 hrs and 28 mins,"Mozilla/5.0 (Macintosh; Intel Mac OS X 10_15_0) AppleWebKit/537.36 (KHTML, like Gecko) Chrome/91.0.4472.114 Safari/537.36"
The Black Bird Oracle,Deborah Harkness,Length: 17 hrs,"Mozilla/5.0 (Macintosh; Intel Mac OS X 10_15_0) AppleWebKit/537.36 (KHTML, like Gecko) Chrome/91.0.4472.114 Safari/537.36"
We've Got Issues,Phillip C. McGraw Ph.D.,Length: 13 hrs and 31 mins,"Mozilla/5.0 (Macintosh; Intel Mac OS X 10_15_0) AppleWebKit/537.36 (KHTML, like Gecko) Chrome/91.0.4472.114 Safari/537.36"
Swift Judgment,Michael Stagg,Length: 10 hrs and 6 mins,"Mozilla/5.0 (Macintosh; Intel Mac OS X 10_15_0) AppleWebKit/537.36 (KHTML, like Gecko) Chrome/91.0.4472.114 Safari/537.36"
Meant for Stone,Natasha Madison,Length: 8 hrs and 21 mins,"Mozilla/5.0 (Macintosh; Intel Mac OS X 10_15_0) AppleWebKit/537.36 (KHTML, like Gecko) Chrome/91.0.4472.114 Safari/537.36"
Mother Faker,Brittanee Nicole,Length: 10 hrs and 13 mins,"Mozilla/5.0 (Macintosh; Intel Mac OS X 10_15_0) AppleWebKit/537.36 (KHTML, like Gecko) Chrome/91.0.4472.114 Safari/537.36"
Anaheim,"Dennis Vanderkerken,Dakota Krout",Length: 14 hrs and 21 mins,"Mozilla/5.0 (Macintosh; Intel Mac OS X 10_15_0) AppleWebKit/537.36 (KHTML, like Gecko) Chrome/91.0.4472.114 Safari/537.36"
An Assassination on the Agenda,T E Kinsey,Length: 9 hrs,"Mozilla/5.0 (Macintosh; Intel Mac OS X 10_15_0) AppleWebKit/537.36 (KHTML, like Gecko) Chrome/91.0.4472.114 Safari/537.36"
Dragon's Justice 9,Bruce Sentar,Length: 10 hrs and 18 mins,"Mozilla/5.0 (Macintosh; Intel Mac OS X 10_15_0) AppleWebKit/537.36 (KHTML, like Gecko) Chrome/91.0.4472.114 Safari/537.36"
Leather & Lark,Brynne Weaver,Length: Not Yet Known,"Mozilla/5.0 (Macintosh; Intel Mac OS X 10_15_0) AppleWebKit/537.36 (KHTML, like Gecko) Chrome/91.0.4472.114 Safari/537.36"
Magi Reborn,Deacon Frost,Length: 11 hrs and 2 mins,"Mozilla/5.0 (Macintosh; Intel Mac OS X 10_15_0) AppleWebKit/537.36 (KHTML, like Gecko) Chrome/91.0.4472.114 Safari/537.36"
"Classroom of the Elite (Light Novel), Vol. 8",Syougo Kinugasa,Length: 7 hrs and 31 mins,"Mozilla/5.0 (Macintosh; Intel Mac OS X 10_15_0) AppleWebKit/537.36 (KHTML, like Gecko) Chrome/91.0.4472.114 Safari/537.36"
Dark Voyage Matters of the Soul,I. T. Lucas,Length: 8 hrs and 50 mins,"Mozilla/5.0 (Macintosh; Intel Mac OS X 10_15_0) AppleWebKit/537.36 (KHTML, like Gecko) Chrome/91.0.4472.114 Safari/537.36"
The Lies of the Land,Steven Conn,Length: 10 hrs and 1 min,"Mozilla/5.0 (Macintosh; Intel Mac OS X 10_15_0) AppleWebKit/537.36 (KHTML, like Gecko) Chrome/91.0.4472.114 Safari/537.36"
Disquiet Gods,Christopher Ruocchio,Length: 26 hrs and 15 mins,"Mozilla/5.0 (Macintosh; Intel Mac OS X 10_15_0) AppleWebKit/537.36 (KHTML, like Gecko) Chrome/91.0.4472.114 Safari/537.36"
Born of Blood and Ash,Jennifer L. Armentrout,Length: 24 hrs,"Mozilla/5.0 (Macintosh; Intel Mac OS X 10_15_0) AppleWebKit/537.36 (KHTML, like Gecko) Chrome/91.0.4472.114 Safari/537.36"
Center Mass,Mike Ryan,Length: 5 hrs and 17 mins,"Mozilla/5.0 (Macintosh; Intel Mac OS X 10_15_0) AppleWebKit/537.36 (KHTML, like Gecko) Chrome/91.0.4472.114 Safari/537.36"
The Hidden Cost of Money,Sebastian Bunney,Length: 12 hrs and 21 mins,"Mozilla/5.0 (Macintosh; Intel Mac OS X 10_15_0) AppleWebKit/537.36 (KHTML, like Gecko) Chrome/91.0.4472.114 Safari/537.36"
Dashing Devil 4: Shadowed Savior,G. D. Brooks,Length: 20 hrs,"Mozilla/5.0 (Macintosh; Intel Mac OS X 10_15_0) AppleWebKit/537.36 (KHTML, like Gecko) Chrome/91.0.4472.114 Safari/537.36"
Hans,S.J. Tilly,Length: 10 hrs and 53 mins,"Mozilla/5.0 (Macintosh; Intel Mac OS X 10_15_0) AppleWebKit/537.36 (KHTML, like Gecko) Chrome/91.0.4472.114 Safari/537.36"
Wright Kind of Trouble,K.A. Linde,Length: 5 hrs and 59 mins,"Mozilla/5.0 (Macintosh; Intel Mac OS X 10_15_0) AppleWebKit/537.36 (KHTML, like Gecko) Chrome/91.0.4472.114 Safari/537.36"
Mooses with Bazookas,S. D. Smith,Length: 2 hrs and 23 mins,"Mozilla/5.0 (Macintosh; Intel Mac OS X 10_15_0) AppleWebKit/537.36 (KHTML, like Gecko) Chrome/91.0.4472.114 Safari/537.36"
Never Submit (Dramatized Adaptation),Michael Anderle,Length: 5 hrs and 26 mins,"Mozilla/5.0 (Macintosh; Intel Mac OS X 10_15_0) AppleWebKit/537.36 (KHTML, like Gecko) Chrome/91.0.4472.114 Safari/537.36"
Legend of the Arch Magus: Publisher's Pack 6,Michael Sisa,Length: 14 hrs and 40 mins,"Mozilla/5.0 (Macintosh; Intel Mac OS X 10_15_0) AppleWebKit/537.36 (KHTML, like Gecko) Chrome/91.0.4472.114 Safari/537.36"
Infernal Creatures,"Caroline Peckham,Susanne Valenti",Length: 14 hrs and 37 mins,"Mozilla/5.0 (Macintosh; Intel Mac OS X 10_15_0) AppleWebKit/537.36 (KHTML, like Gecko) Chrome/91.0.4472.114 Safari/537.36"
"So I'm a Spider, So What?, Vol. 9","Okina Baba,Tsukasa Kiryu - illustrator",Length: 7 hrs and 30 mins,"Mozilla/5.0 (Macintosh; Intel Mac OS X 10_15_0) AppleWebKit/537.36 (KHTML, like Gecko) Chrome/91.0.4472.114 Safari/537.36"
All the Skills 3: A Deck-Building LitRPG,Honour Rae,Length: 15 hrs and 22 mins,"Mozilla/5.0 (Macintosh; Intel Mac OS X 10_15_0) AppleWebKit/537.36 (KHTML, like Gecko) Chrome/91.0.4472.114 Safari/537.36"
The Pucking Wrong Date,C.R. Jane,Length: 10 hrs,"Mozilla/5.0 (Macintosh; Intel Mac OS X 10_15_0) AppleWebKit/537.36 (KHTML, like Gecko) Chrome/91.0.4472.114 Safari/537.36"
In Too Deep,"Lee Child,Andrew Child",Length: 10 hrs,"Mozilla/5.0 (Macintosh; Intel Mac OS X 10_15_0) AppleWebKit/537.36 (KHTML, like Gecko) Chrome/91.0.4472.114 Safari/537.36"
Burn Book,Kara Swisher,Length: 7 hrs and 40 mins,"Mozilla/5.0 (Macintosh; Intel Mac OS X 10_15_0) AppleWebKit/537.36 (KHTML, like Gecko) Chrome/91.0.4472.114 Safari/537.36"
This Could Be Us,Kennedy Ryan,Length: 12 hrs and 20 mins,"Mozilla/5.0 (Macintosh; Intel Mac OS X 10_15_0) AppleWebKit/537.36 (KHTML, like Gecko) Chrome/91.0.4472.114 Safari/537.36"
The New Menopause,Mary Claire Haver MD,Length: 11 hrs,"Mozilla/5.0 (Macintosh; Intel Mac OS X 10_15_0) AppleWebKit/537.36 (KHTML, like Gecko) Chrome/91.0.4472.114 Safari/537.36"
Glow of the Everflame,Penn Cole,Length: 20 hrs and 50 mins,"Mozilla/5.0 (Macintosh; Intel Mac OS X 10_15_0) AppleWebKit/537.36 (KHTML, like Gecko) Chrome/91.0.4472.114 Safari/537.36"
Chrysalis 4,RinoZ,Length: 17 hrs and 42 mins,"Mozilla/5.0 (Macintosh; Intel Mac OS X 10_15_0) AppleWebKit/537.36 (KHTML, like Gecko) Chrome/91.0.4472.114 Safari/537.36"
The Burning Witch 3: A Humorous Romantic Fantasy,Delemhach,Length: 18 hrs and 27 mins,"Mozilla/5.0 (Macintosh; Intel Mac OS X 10_15_0) AppleWebKit/537.36 (KHTML, like Gecko) Chrome/91.0.4472.114 Safari/537.36"
You Like It Darker,Stephen King,Length: 20 hrs,"Mozilla/5.0 (Macintosh; Intel Mac OS X 10_15_0) AppleWebKit/537.36 (KHTML, like Gecko) Chrome/91.0.4472.114 Safari/537.36"
Pretty Dogs,Riley Nash,Length: 8 hrs and 22 mins,"Mozilla/5.0 (Macintosh; Intel Mac OS X 10_15_0) AppleWebKit/537.36 (KHTML, like Gecko) Chrome/91.0.4472.114 Safari/537.36"
The Mercy of Gods,James S.A. Corey,Length: 18 hrs and 30 mins,"Mozilla/5.0 (Macintosh; Intel Mac OS X 10_15_0) AppleWebKit/537.36 (KHTML, like Gecko) Chrome/91.0.4472.114 Safari/537.36"
Conflicting Ventures,AK Landow,Length: 9 hrs and 50 mins,"Mozilla/5.0 (Macintosh; Intel Mac OS X 10_15_0) AppleWebKit/537.36 (KHTML, like Gecko) Chrome/91.0.4472.114 Safari/537.36"
Angel of Vengeance,"Douglas Preston,Lincoln Child",Length: 14 hrs,"Mozilla/5.0 (Macintosh; Intel Mac OS X 10_15_0) AppleWebKit/537.36 (KHTML, like Gecko) Chrome/91.0.4472.114 Safari/537.36"
"Elemental Mastery Omnibus, Books 1-3",DB. King,Length: 39 hrs and 55 mins,"Mozilla/5.0 (Macintosh; Intel Mac OS X 10_15_0) AppleWebKit/537.36 (KHTML, like Gecko) Chrome/91.0.4472.114 Safari/537.36"
poyums,Len Pennie,Length: 1 hr and 43 mins,"Mozilla/5.0 (Macintosh; Intel Mac OS X 10_15_0) AppleWebKit/537.36 (KHTML, like Gecko) Chrome/91.0.4472.114 Safari/537.36"
Orgasmic Texas Dawn,"AJ Llewellyn,DJ Manly",Length: 4 hrs and 34 mins,"Mozilla/5.0 (Macintosh; Intel Mac OS X 10_15_0) AppleWebKit/537.36 (KHTML, like Gecko) Chrome/91.0.4472.114 Safari/537.36"
Slow Productivity,Cal Newport,Length: 6 hrs and 17 mins,"Mozilla/5.0 (Macintosh; Intel Mac OS X 10_15_0) AppleWebKit/537.36 (KHTML, like Gecko) Chrome/91.0.4472.114 Safari/537.36"
The Reason I Married Him,Meghan Quinn,Length: 16 hrs and 5 mins,"Mozilla/5.0 (Macintosh; Intel Mac OS X 10_15_0) AppleWebKit/537.36 (KHTML, like Gecko) Chrome/91.0.4472.114 Safari/537.36"
A Calamity of Souls,David Baldacci,Length: 12 hrs,"Mozilla/5.0 (Macintosh; Intel Mac OS X 10_15_0) AppleWebKit/537.36 (KHTML, like Gecko) Chrome/91.0.4472.114 Safari/537.36"
Syndicate Queen,Kira Stanley,Length: 14 hrs and 49 mins,"Mozilla/5.0 (Macintosh; Intel Mac OS X 10_15_0) AppleWebKit/537.36 (KHTML, like Gecko) Chrome/91.0.4472.114 Safari/537.36"
Zombieslayer,Nathan Long,Length: 11 hrs and 17 mins,"Mozilla/5.0 (Macintosh; Intel Mac OS X 10_15_0) AppleWebKit/537.36 (KHTML, like Gecko) Chrome/91.0.4472.114 Safari/537.36"
Against Ebony Irish Seas,Ava Miles,Length: 12 hrs and 7 mins,"Mozilla/5.0 (Macintosh; Intel Mac OS X 10_15_0) AppleWebKit/537.36 (KHTML, like Gecko) Chrome/91.0.4472.114 Safari/537.36"
Divine Agreements,Daniel Schinhofen,Length: 13 hrs and 45 mins,"Mozilla/5.0 (Macintosh; Intel Mac OS X 10_15_0) AppleWebKit/537.36 (KHTML, like Gecko) Chrome/91.0.4472.114 Safari/537.36"
The Hunter,Tana French,Length: 16 hrs and 24 mins,"Mozilla/5.0 (Macintosh; Intel Mac OS X 10_15_0) AppleWebKit/537.36 (KHTML, like Gecko) Chrome/91.0.4472.114 Safari/537.36"
Claim Me Forever,A.L. Jackson,Length: 13 hrs and 21 mins,"Mozilla/5.0 (Macintosh; Intel Mac OS X 10_15_0) AppleWebKit/537.36 (KHTML, like Gecko) Chrome/91.0.4472.114 Safari/537.36"
The Legend of Randidly Ghosthound 6: A LitRPG Adventure,"Noret Flood,puddles4263",Length: 26 hrs and 16 mins,"Mozilla/5.0 (Macintosh; Intel Mac OS X 10_15_0) AppleWebKit/537.36 (KHTML, like Gecko) Chrome/91.0.4472.114 Safari/537.36"
Ghost Town Living,Brent Underwood,Length: 9 hrs,"Mozilla/5.0 (Macintosh; Intel Mac OS X 10_15_0) AppleWebKit/537.36 (KHTML, like Gecko) Chrome/91.0.4472.114 Safari/537.36"
The Anxious Generation,Jonathan Haidt,Length: 11 hrs,"Mozilla/5.0 (Macintosh; Intel Mac OS X 10_15_0) AppleWebKit/537.36 (KHTML, like Gecko) Chrome/91.0.4472.114 Safari/537.36"
Effective Herbal Remedies for Absolutely Anyone,Hadassah Lewis,Length: 4 hrs and 28 mins,"Mozilla/5.0 (Macintosh; Intel Mac OS X 10_15_0) AppleWebKit/537.36 (KHTML, like Gecko) Chrome/91.0.4472.114 Safari/537.36"
Dark Hearts,D.K. Hood,Length: 9 hrs and 30 mins,"Mozilla/5.0 (Macintosh; Intel Mac OS X 10_15_0) AppleWebKit/537.36 (KHTML, like Gecko) Chrome/91.0.4472.114 Safari/537.36"
Pride and Prejudice,Jane Austen,Length: 11 hrs and 35 mins,"Mozilla/5.0 (Macintosh; Intel Mac OS X 10_15_0) AppleWebKit/537.36 (KHTML, like Gecko) Chrome/91.0.4472.114 Safari/537.36"
"Red Rising: Sons of Ares, Volumes 1-3 Bundle (Dramatized Adaptation)","Pierce Brown,Rik Hoskin",Length: 11 hrs and 17 mins,"Mozilla/5.0 (Macintosh; Intel Mac OS X 10_15_0) AppleWebKit/537.36 (KHTML, like Gecko) Chrome/91.0.4472.114 Safari/537.36"
Transformed,Marty Cagan,Length: 10 hrs and 12 mins,"Mozilla/5.0 (Macintosh; Intel Mac OS X 10_15_0) AppleWebKit/537.36 (KHTML, like Gecko) Chrome/91.0.4472.114 Safari/537.36"
The End and the Death: Volume III,Dan Abnett,Length: 14 hrs and 51 mins,"Mozilla/5.0 (Macintosh; Intel Mac OS X 10_15_0) AppleWebKit/537.36 (KHTML, like Gecko) Chrome/91.0.4472.114 Safari/537.36"
Songs in the Key of Love,D. Rose,Length: 7 hrs and 42 mins,"Mozilla/5.0 (Macintosh; Intel Mac OS X 10_15_0) AppleWebKit/537.36 (KHTML, like Gecko) Chrome/91.0.4472.114 Safari/537.36"
System Interference,SunriseCV,Length: 12 hrs and 48 mins,"Mozilla/5.0 (Macintosh; Intel Mac OS X 10_15_0) AppleWebKit/537.36 (KHTML, like Gecko) Chrome/91.0.4472.114 Safari/537.36"
El estrecho sendero entre deseos [The Narrow Road Between Desires],"Patrick Rothfuss,Gemma Rovira Ortega - translator",Length: 4 hrs and 35 mins,"Mozilla/5.0 (Macintosh; Intel Mac OS X 10_15_0) AppleWebKit/537.36 (KHTML, like Gecko) Chrome/91.0.4472.114 Safari/537.36"
Rogue Wolf,"David Archer,Vince Vogel",Length: 9 hrs and 56 mins,"Mozilla/5.0 (Macintosh; Intel Mac OS X 10_15_0) AppleWebKit/537.36 (KHTML, like Gecko) Chrome/91.0.4472.114 Safari/537.36"
We Play Games,Sarah A. Denzil,Length: 8 hrs and 41 mins,"Mozilla/5.0 (Macintosh; Intel Mac OS X 10_15_0) AppleWebKit/537.36 (KHTML, like Gecko) Chrome/91.0.4472.114 Safari/537.36"
The June Paintings,Maggie Shipstead,Length: 1 hr and 12 mins,"Mozilla/5.0 (Macintosh; Intel Mac OS X 10_15_0) AppleWebKit/537.36 (KHTML, like Gecko) Chrome/91.0.4472.114 Safari/537.36"
The Primal Hunter 8,Zogarth,Length: 19 hrs and 50 mins,"Mozilla/5.0 (Macintosh; Intel Mac OS X 10_15_0) AppleWebKit/537.36 (KHTML, like Gecko) Chrome/91.0.4472.114 Safari/537.36"
Lori's Lies and Family Ties,"Rex Conner,Adam Cox",Length: 3 hrs and 35 mins,"Mozilla/5.0 (Macintosh; Intel Mac OS X 10_15_0) AppleWebKit/537.36 (KHTML, like Gecko) Chrome/91.0.4472.114 Safari/537.36"
The Study Hard Romances,Mika Lane,Length: 15 hrs and 13 mins,"Mozilla/5.0 (Macintosh; Intel Mac OS X 10_15_0) AppleWebKit/537.36 (KHTML, like Gecko) Chrome/91.0.4472.114 Safari/537.36"
LLC Beginner's Guide (Limited Liability Company),Ethan Robinson,Length: 5 hrs and 42 mins,"Mozilla/5.0 (Macintosh; Intel Mac OS X 10_15_0) AppleWebKit/537.36 (KHTML, like Gecko) Chrome/91.0.4472.114 Safari/537.36"
Bloodline,Seth Ring,Length: 13 hrs and 28 mins,"Mozilla/5.0 (Macintosh; Intel Mac OS X 10_15_0) AppleWebKit/537.36 (KHTML, like Gecko) Chrome/91.0.4472.114 Safari/537.36"
Prisoner of Rose Island,Clara Alleen Byler,Length: 8 hrs and 16 mins,"Mozilla/5.0 (Macintosh; Intel Mac OS X 10_15_0) AppleWebKit/537.36 (KHTML, like Gecko) Chrome/91.0.4472.114 Safari/537.36"
The Bad Weather Friend,Dean Koontz,Length: 8 hrs and 42 mins,"Mozilla/5.0 (Macintosh; Intel Mac OS X 10_15_0) AppleWebKit/537.36 (KHTML, like Gecko) Chrome/91.0.4472.114 Safari/537.36"
The Forgotten Chapter,Pam Jenoff,Length: 1 hr and 7 mins,"Mozilla/5.0 (Macintosh; Intel Mac OS X 10_15_0) AppleWebKit/537.36 (KHTML, like Gecko) Chrome/91.0.4472.114 Safari/537.36"
The End of Everything,Victor Davis Hanson,Length: 15 hrs,"Mozilla/5.0 (Macintosh; Intel Mac OS X 10_15_0) AppleWebKit/537.36 (KHTML, like Gecko) Chrome/91.0.4472.114 Safari/537.36"
Shattered Will,"J.N. Chaney,Terry Maggert",Length: 10 hrs and 9 mins,"Mozilla/5.0 (Macintosh; Intel Mac OS X 10_15_0) AppleWebKit/537.36 (KHTML, like Gecko) Chrome/91.0.4472.114 Safari/537.36"
The Philosophy Collection,"Marcus Aurelius,Miyamoto Musashi,Ralph Waldo Emerson,Friedrich Nietzsche,Søren Kierkegaard,Sun Tzu,Epictetus,Confucius,Plato,Lucretius,Seneca",Length: 101 hrs and 44 mins,"Mozilla/5.0 (Macintosh; Intel Mac OS X 10_15_0) AppleWebKit/537.36 (KHTML, like Gecko) Chrome/91.0.4472.114 Safari/537.36"
"Classroom of the Elite (Light Novel), Vol. 9",Syougo Kinugasa,Length: 6 hrs and 41 mins,"Mozilla/5.0 (Macintosh; Intel Mac OS X 10_15_0) AppleWebKit/537.36 (KHTML, like Gecko) Chrome/91.0.4472.114 Safari/537.36"
"The Saint's Magic Power Is Omnipotent, Vol. 5",Yuka Tachibana,Length: 4 hrs and 56 mins,"Mozilla/5.0 (Macintosh; Intel Mac OS X 10_15_0) AppleWebKit/537.36 (KHTML, like Gecko) Chrome/91.0.4472.114 Safari/537.36"
Blaze,"Marie Benedict,Maggie Shipstead,Pam Jenoff,Asha Lemmie,Melanie Benjamin,Sadeqa Johnson,Ariel Lawhon",Length: 8 hrs and 29 mins,"Mozilla/5.0 (Macintosh; Intel Mac OS X 10_15_0) AppleWebKit/537.36 (KHTML, like Gecko) Chrome/91.0.4472.114 Safari/537.36"
Winter Lost,Patricia Briggs,Length: 11 hrs,"Mozilla/5.0 (Macintosh; Intel Mac OS X 10_15_0) AppleWebKit/537.36 (KHTML, like Gecko) Chrome/91.0.4472.114 Safari/537.36"
Tom Clancy Act of Defiance,"Brian Andrews,Jeffrey Wilson",Length: 13 hrs,"Mozilla/5.0 (Macintosh; Intel Mac OS X 10_15_0) AppleWebKit/537.36 (KHTML, like Gecko) Chrome/91.0.4472.114 Safari/537.36"
Somewhere Beyond the Sea,TJ Klune,Length: 12 hrs,"Mozilla/5.0 (Macintosh; Intel Mac OS X 10_15_0) AppleWebKit/537.36 (KHTML, like Gecko) Chrome/91.0.4472.114 Safari/537.36"
Alas de Hierro [Iron Flame],Rebecca Yarros,Length: 7 hrs,"Mozilla/5.0 (Macintosh; Intel Mac OS X 10_15_0) AppleWebKit/537.36 (KHTML, like Gecko) Chrome/91.0.4472.114 Safari/537.36"
Shadowblade,"Terry Mancour,Emily Burch Harris",Length: 21 hrs and 22 mins,"Mozilla/5.0 (Macintosh; Intel Mac OS X 10_15_0) AppleWebKit/537.36 (KHTML, like Gecko) Chrome/91.0.4472.114 Safari/537.36"
Joyful Recollections of Trauma,Paul Scheer,Length: 6 hrs and 45 mins,"Mozilla/5.0 (Macintosh; Intel Mac OS X 10_15_0) AppleWebKit/537.36 (KHTML, like Gecko) Chrome/91.0.4472.114 Safari/537.36"
"Solar Dragons Need Love, Too! 6",Virgil Knightley,Length: 7 hrs and 48 mins,"Mozilla/5.0 (Macintosh; Intel Mac OS X 10_15_0) AppleWebKit/537.36 (KHTML, like Gecko) Chrome/91.0.4472.114 Safari/537.36"
The Ever King,LJ Andrews,Length: 13 hrs and 13 mins,"Mozilla/5.0 (Macintosh; Intel Mac OS X 10_15_0) AppleWebKit/537.36 (KHTML, like Gecko) Chrome/91.0.4472.114 Safari/537.36"
Explicit Hot Erotic Sex Stories,Emily Reid,Length: 20 hrs and 19 mins,"Mozilla/5.0 (Macintosh; Intel Mac OS X 10_15_0) AppleWebKit/537.36 (KHTML, like Gecko) Chrome/91.0.4472.114 Safari/537.36"
Sherlock Holmes,"Arthur Conan Doyle,Stephen Fry - introductions",Length: 62 hrs and 52 mins,"Mozilla/5.0 (Macintosh; Intel Mac OS X 10_15_0) AppleWebKit/537.36 (KHTML, like Gecko) Chrome/91.0.4472.114 Safari/537.36"
A Favorite Daughter,P. O. Dixon,Length: 4 hrs and 32 mins,"Mozilla/5.0 (Macintosh; Intel Mac OS X 10_15_0) AppleWebKit/537.36 (KHTML, like Gecko) Chrome/91.0.4472.114 Safari/537.36"
Really Very Crunchy,Emily Morrow,Length: 4 hrs and 49 mins,"Mozilla/5.0 (Macintosh; Intel Mac OS X 10_15_0) AppleWebKit/537.36 (KHTML, like Gecko) Chrome/91.0.4472.114 Safari/537.36"
Jesus of Nazareth: Holy Week,Pope Benedict XVI,Length: 8 hrs and 41 mins,"Mozilla/5.0 (Macintosh; Intel Mac OS X 10_15_0) AppleWebKit/537.36 (KHTML, like Gecko) Chrome/91.0.4472.114 Safari/537.36"
Thought Access,Idil Ahmed,Length: 11 hrs and 57 mins,"Mozilla/5.0 (Macintosh; Intel Mac OS X 10_15_0) AppleWebKit/537.36 (KHTML, like Gecko) Chrome/91.0.4472.114 Safari/537.36"
Golden Son,Pierce Brown,Length: 19 hrs and 3 mins,"Mozilla/5.0 (Macintosh; Intel Mac OS X 10_15_0) AppleWebKit/537.36 (KHTML, like Gecko) Chrome/91.0.4472.114 Safari/537.36"
Dune Messiah,Frank Herbert,Length: 8 hrs and 57 mins,"Mozilla/5.0 (Macintosh; Intel Mac OS X 10_15_0) AppleWebKit/537.36 (KHTML, like Gecko) Chrome/91.0.4472.114 Safari/537.36"
How to Raise a Healthy Gamer,Alok Kanojia MD MPH,Length: 6 hrs and 15 mins,"Mozilla/5.0 (Macintosh; Intel Mac OS X 10_15_0) AppleWebKit/537.36 (KHTML, like Gecko) Chrome/91.0.4472.114 Safari/537.36"
Unleashed,Keira Brinton,Length: 5 hrs and 8 mins,"Mozilla/5.0 (Macintosh; Intel Mac OS X 10_15_0) AppleWebKit/537.36 (KHTML, like Gecko) Chrome/91.0.4472.114 Safari/537.36"
Healing Methods of the Antique Spa,Frederick Dodson,Length: 7 hrs and 33 mins,"Mozilla/5.0 (Macintosh; Intel Mac OS X 10_15_0) AppleWebKit/537.36 (KHTML, like Gecko) Chrome/91.0.4472.114 Safari/537.36"
Lady of Starfire,Melissa Roehrich,Length: 26 hrs and 28 mins,"Mozilla/5.0 (Macintosh; Intel Mac OS X 10_15_0) AppleWebKit/537.36 (KHTML, like Gecko) Chrome/91.0.4472.114 Safari/537.36"
Toxic Prey,John Sandford,Length: 11 hrs and 19 mins,"Mozilla/5.0 (Macintosh; Intel Mac OS X 10_15_0) AppleWebKit/537.36 (KHTML, like Gecko) Chrome/91.0.4472.114 Safari/537.36"
Little Stranger,Leigh Rivers,Length: 6 hrs and 49 mins,"Mozilla/5.0 (Macintosh; Intel Mac OS X 10_15_0) AppleWebKit/537.36 (KHTML, like Gecko) Chrome/91.0.4472.114 Safari/537.36"
House of Earth and Blood (Part 1 of 2) (Dramatized Adaptation),Sarah J. Maas,Length: 11 hrs and 51 mins,"Mozilla/5.0 (Macintosh; Intel Mac OS X 10_15_0) AppleWebKit/537.36 (KHTML, like Gecko) Chrome/91.0.4472.114 Safari/537.36"
A Fate Inked in Blood,Danielle L. Jensen,Length: 15 hrs and 16 mins,"Mozilla/5.0 (Macintosh; Intel Mac OS X 10_15_0) AppleWebKit/537.36 (KHTML, like Gecko) Chrome/91.0.4472.114 Safari/537.36"
Bridging the Gap,Mark Tufo,Length: Not Yet Known,"Mozilla/5.0 (Macintosh; Intel Mac OS X 10_15_0) AppleWebKit/537.36 (KHTML, like Gecko) Chrome/91.0.4472.114 Safari/537.36"
2054,"Elliot Ackerman,Admiral James Stavridis USN",Length: 9 hrs and 20 mins,"Mozilla/5.0 (Macintosh; Intel Mac OS X 10_15_0) AppleWebKit/537.36 (KHTML, like Gecko) Chrome/91.0.4472.114 Safari/537.36"
The Laws of Human Nature,Robert Greene,Length: 28 hrs and 26 mins,"Mozilla/5.0 (Macintosh; Intel Mac OS X 10_15_0) AppleWebKit/537.36 (KHTML, like Gecko) Chrome/91.0.4472.114 Safari/537.36"
Omelet Endgame,Dakota Krout,Length: 11 hrs and 14 mins,"Mozilla/5.0 (Macintosh; Intel Mac OS X 10_15_0) AppleWebKit/537.36 (KHTML, like Gecko) Chrome/91.0.4472.114 Safari/537.36"
Star Wars: Temptation of the Force (The High Republic),Tessa Gratton,Length: 12 hrs,"Mozilla/5.0 (Macintosh; Intel Mac OS X 10_15_0) AppleWebKit/537.36 (KHTML, like Gecko) Chrome/91.0.4472.114 Safari/537.36"
Wandering Stars,Tommy Orange,Length: 9 hrs and 37 mins,"Mozilla/5.0 (Macintosh; Intel Mac OS X 10_15_0) AppleWebKit/537.36 (KHTML, like Gecko) Chrome/91.0.4472.114 Safari/537.36"
Mind Games,Nora Roberts,Length: 14 hrs and 50 mins,"Mozilla/5.0 (Macintosh; Intel Mac OS X 10_15_0) AppleWebKit/537.36 (KHTML, like Gecko) Chrome/91.0.4472.114 Safari/537.36"
Your Dreams Don’t Die... They Haunt You,Heidi Easley,Length: 3 hrs and 16 mins,"Mozilla/5.0 (Macintosh; Intel Mac OS X 10_15_0) AppleWebKit/537.36 (KHTML, like Gecko) Chrome/91.0.4472.114 Safari/537.36"
Funny Story,Emily Henry,Length: 11 hrs,"Mozilla/5.0 (Macintosh; Intel Mac OS X 10_15_0) AppleWebKit/537.36 (KHTML, like Gecko) Chrome/91.0.4472.114 Safari/537.36"
Viva Durant and the Mystery at the Masquerade Ball,Ashli St. Armant,Length: 4 hrs and 19 mins,"Mozilla/5.0 (Macintosh; Intel Mac OS X 10_15_0) AppleWebKit/537.36 (KHTML, like Gecko) Chrome/91.0.4472.114 Safari/537.36"
Nexus,Yuval Noah Harari,Length: 14 hrs,"Mozilla/5.0 (Macintosh; Intel Mac OS X 10_15_0) AppleWebKit/537.36 (KHTML, like Gecko) Chrome/91.0.4472.114 Safari/537.36"
Birth of an Empire,Ryk Brown,Length: 8 hrs and 22 mins,"Mozilla/5.0 (Macintosh; Intel Mac OS X 10_15_0) AppleWebKit/537.36 (KHTML, like Gecko) Chrome/91.0.4472.114 Safari/537.36"
Age of Revolutions,Fareed Zakaria,Length: 12 hrs and 40 mins,"Mozilla/5.0 (Macintosh; Intel Mac OS X 10_15_0) AppleWebKit/537.36 (KHTML, like Gecko) Chrome/91.0.4472.114 Safari/537.36"
The Throne of Broken Gods,Amber V. Nicole,Length: 28 hrs and 48 mins,"Mozilla/5.0 (Macintosh; Intel Mac OS X 10_15_0) AppleWebKit/537.36 (KHTML, like Gecko) Chrome/91.0.4472.114 Safari/537.36"
"Bedtime Stories for Anxiety Free Kids, Volume 2",Beth Camby,Length: 3 hrs and 23 mins,"Mozilla/5.0 (Macintosh; Intel Mac OS X 10_15_0) AppleWebKit/537.36 (KHTML, like Gecko) Chrome/91.0.4472.114 Safari/537.36"
Falling for Mr. Bad,Melissa Foster,Length: 11 hrs and 10 mins,"Mozilla/5.0 (Macintosh; Intel Mac OS X 10_15_0) AppleWebKit/537.36 (KHTML, like Gecko) Chrome/91.0.4472.114 Safari/537.36"
Relentless,Emily Kimelman,Length: 7 hrs and 28 mins,"Mozilla/5.0 (Macintosh; Intel Mac OS X 10_15_0) AppleWebKit/537.36 (KHTML, like Gecko) Chrome/91.0.4472.114 Safari/537.36"
The Fyodor Dostoyevsky Complete Collection,Fyodor Dostoyevsky,Length: 225 hrs,"Mozilla/5.0 (Macintosh; Intel Mac OS X 10_15_0) AppleWebKit/537.36 (KHTML, like Gecko) Chrome/91.0.4472.114 Safari/537.36"
The Total Money Makeover Updated and Expanded,Dave Ramsey,Length: 7 hrs and 17 mins,"Mozilla/5.0 (Macintosh; Intel Mac OS X 10_15_0) AppleWebKit/537.36 (KHTML, like Gecko) Chrome/91.0.4472.114 Safari/537.36"
The Bag of Secrets,Joy Ellis,Length: 11 hrs and 36 mins,"Mozilla/5.0 (Macintosh; Intel Mac OS X 10_15_0) AppleWebKit/537.36 (KHTML, like Gecko) Chrome/91.0.4472.114 Safari/537.36"
The Holy Grail of Investing,"Tony Robbins,Christopher Zook",Length: 11 hrs and 28 mins,"Mozilla/5.0 (Macintosh; Intel Mac OS X 10_15_0) AppleWebKit/537.36 (KHTML, like Gecko) Chrome/91.0.4472.114 Safari/537.36"
Billionaire's Paradise,Peter Antonucci,Length: 8 hrs and 1 min,"Mozilla/5.0 (Macintosh; Intel Mac OS X 10_15_0) AppleWebKit/537.36 (KHTML, like Gecko) Chrome/91.0.4472.114 Safari/537.36"
My Anti-Hero,Tijan,Length: 14 hrs and 31 mins,"Mozilla/5.0 (Macintosh; Intel Mac OS X 10_15_0) AppleWebKit/537.36 (KHTML, like Gecko) Chrome/91.0.4472.114 Safari/537.36"
Perilous Choices,S. H. Jucha,Length: 13 hrs and 49 mins,"Mozilla/5.0 (Macintosh; Intel Mac OS X 10_15_0) AppleWebKit/537.36 (KHTML, like Gecko) Chrome/91.0.4472.114 Safari/537.36"
A Court of Frost and Starlight,Sarah J. Maas,Length: 6 hrs and 23 mins,"Mozilla/5.0 (Macintosh; Intel Mac OS X 10_15_0) AppleWebKit/537.36 (KHTML, like Gecko) Chrome/91.0.4472.114 Safari/537.36"
Girlcott,Florenz Webbe Maxwell,Length: 5 hrs and 3 mins,"Mozilla/5.0 (Macintosh; Intel Mac OS X 10_15_0) AppleWebKit/537.36 (KHTML, like Gecko) Chrome/91.0.4472.114 Safari/537.36"
The Algebra of Wealth,Scott Galloway,Length: 10 hrs,"Mozilla/5.0 (Macintosh; Intel Mac OS X 10_15_0) AppleWebKit/537.36 (KHTML, like Gecko) Chrome/91.0.4472.114 Safari/537.36"
Ferrara,T L Swan,Length: 14 hrs and 2 mins,"Mozilla/5.0 (Macintosh; Intel Mac OS X 10_15_0) AppleWebKit/537.36 (KHTML, like Gecko) Chrome/91.0.4472.114 Safari/537.36"
Fairy Tale,Stephen King,Length: 24 hrs and 6 mins,"Mozilla/5.0 (Macintosh; Intel Mac OS X 10_15_0) AppleWebKit/537.36 (KHTML, like Gecko) Chrome/91.0.4472.114 Safari/537.36"
The Letters of J. R. R. Tolkien,"J. R. R. Tolkien,Humphrey Carpenter - editor,Christopher Tolkien - editor",Length: 29 hrs and 2 mins,"Mozilla/5.0 (Macintosh; Intel Mac OS X 10_15_0) AppleWebKit/537.36 (KHTML, like Gecko) Chrome/91.0.4472.114 Safari/537.36"
Steph Tells,Gregg Olsen,Length: 39 mins,"Mozilla/5.0 (Macintosh; Intel Mac OS X 10_15_0) AppleWebKit/537.36 (KHTML, like Gecko) Chrome/91.0.4472.114 Safari/537.36"
The Only Constant,Najwa Zebian,Length: 7 hrs and 42 mins,"Mozilla/5.0 (Macintosh; Intel Mac OS X 10_15_0) AppleWebKit/537.36 (KHTML, like Gecko) Chrome/91.0.4472.114 Safari/537.36"
Beneath the Bodies,Jack Gatland,Length: 9 hrs and 37 mins,"Mozilla/5.0 (Macintosh; Intel Mac OS X 10_15_0) AppleWebKit/537.36 (KHTML, like Gecko) Chrome/91.0.4472.114 Safari/537.36"
The Gorgon Incident and Other Stories,John Bierce,Length: 16 hrs and 14 mins,"Mozilla/5.0 (Macintosh; Intel Mac OS X 10_15_0) AppleWebKit/537.36 (KHTML, like Gecko) Chrome/91.0.4472.114 Safari/537.36"
What Happens at the Lake,Vi Keeland,Length: 8 hrs and 58 mins,"Mozilla/5.0 (Macintosh; Intel Mac OS X 10_15_0) AppleWebKit/537.36 (KHTML, like Gecko) Chrome/91.0.4472.114 Safari/537.36"
Hunted Beast,"Meg Anne,K. Loraine",Length: 9 hrs and 32 mins,"Mozilla/5.0 (Macintosh; Intel Mac OS X 10_15_0) AppleWebKit/537.36 (KHTML, like Gecko) Chrome/91.0.4472.114 Safari/537.36"
The Two Towers,J. R. R. Tolkien,Length: 20 hrs and 46 mins,"Mozilla/5.0 (Macintosh; Intel Mac OS X 10_15_0) AppleWebKit/537.36 (KHTML, like Gecko) Chrome/91.0.4472.114 Safari/537.36"
The Rewind Files,Claire Willett,Length: 11 hrs and 44 mins,"Mozilla/5.0 (Macintosh; Intel Mac OS X 10_15_0) AppleWebKit/537.36 (KHTML, like Gecko) Chrome/91.0.4472.114 Safari/537.36"
What Did You Do?,Jeneane O'Riley,Length: 11 hrs and 40 mins,"Mozilla/5.0 (Macintosh; Intel Mac OS X 10_15_0) AppleWebKit/537.36 (KHTML, like Gecko) Chrome/91.0.4472.114 Safari/537.36"
Super Powereds: Year Three (Dramatized Adaptation),Drew Hayes,Length: 22 hrs and 21 mins,"Mozilla/5.0 (Macintosh; Intel Mac OS X 10_15_0) AppleWebKit/537.36 (KHTML, like Gecko) Chrome/91.0.4472.114 Safari/537.36"
The Fellowship of the Ring,J. R. R. Tolkien,Length: 22 hrs and 38 mins,"Mozilla/5.0 (Macintosh; Intel Mac OS X 10_15_0) AppleWebKit/537.36 (KHTML, like Gecko) Chrome/91.0.4472.114 Safari/537.36"
Empath and Narcissist: 2 in 1,Sara Sterling,Length: 26 hrs and 28 mins,"Mozilla/5.0 (Macintosh; Intel Mac OS X 10_15_0) AppleWebKit/537.36 (KHTML, like Gecko) Chrome/91.0.4472.114 Safari/537.36"
Morning Star,Pierce Brown,Length: 21 hrs and 50 mins,"Mozilla/5.0 (Macintosh; Intel Mac OS X 10_15_0) AppleWebKit/537.36 (KHTML, like Gecko) Chrome/91.0.4472.114 Safari/537.36"
Crown of Midnight,Sarah J. Maas,Length: 12 hrs and 43 mins,"Mozilla/5.0 (Macintosh; Intel Mac OS X 10_15_0) AppleWebKit/537.36 (KHTML, like Gecko) Chrome/91.0.4472.114 Safari/537.36"
The Fabric of Our Souls,K. M. Moronova,Length: 8 hrs and 5 mins,"Mozilla/5.0 (Macintosh; Intel Mac OS X 10_15_0) AppleWebKit/537.36 (KHTML, like Gecko) Chrome/91.0.4472.114 Safari/537.36"
The Wealth Money Can't Buy,Robin Sharma,Length: 7 hrs,"Mozilla/5.0 (Macintosh; Intel Mac OS X 10_15_0) AppleWebKit/537.36 (KHTML, like Gecko) Chrome/91.0.4472.114 Safari/537.36"
French Fancy,Lily Morton,Length: 11 hrs and 55 mins,"Mozilla/5.0 (Macintosh; Intel Mac OS X 10_15_0) AppleWebKit/537.36 (KHTML, like Gecko) Chrome/91.0.4472.114 Safari/537.36"
Celestial Citadel,"James Hunter,Eden Hudson",Length: 10 hrs and 38 mins,"Mozilla/5.0 (Macintosh; Intel Mac OS X 10_15_0) AppleWebKit/537.36 (KHTML, like Gecko) Chrome/91.0.4472.114 Safari/537.36"
Sterling Brick,L.B. Dunbar,Length: 10 hrs and 45 mins,"Mozilla/5.0 (Macintosh; Intel Mac OS X 10_15_0) AppleWebKit/537.36 (KHTML, like Gecko) Chrome/91.0.4472.114 Safari/537.36"
The Step Bet,"Devon McCormack,Riley Hart",Length: 7 hrs and 32 mins,"Mozilla/5.0 (Macintosh; Intel Mac OS X 10_15_0) AppleWebKit/537.36 (KHTML, like Gecko) Chrome/91.0.4472.114 Safari/537.36"
Star Wars: Mace Windu: The Glass Abyss,Steven Barnes,Length: 13 hrs,"Mozilla/5.0 (Macintosh; Intel Mac OS X 10_15_0) AppleWebKit/537.36 (KHTML, like Gecko) Chrome/91.0.4472.114 Safari/537.36"
Irish,Brittanee Nicole,Length: 9 hrs and 1 min,"Mozilla/5.0 (Macintosh; Intel Mac OS X 10_15_0) AppleWebKit/537.36 (KHTML, like Gecko) Chrome/91.0.4472.114 Safari/537.36"
Crosshairs,"James Patterson,James O. Born",Length: 8 hrs and 14 mins,"Mozilla/5.0 (Macintosh; Intel Mac OS X 10_15_0) AppleWebKit/537.36 (KHTML, like Gecko) Chrome/91.0.4472.114 Safari/537.36"
If only I had told her (German edition),"Laura Nowlin,Melike Karamustafa,Bettina Hengesbach - Übersetzer",Length: 10 hrs and 31 mins,"Mozilla/5.0 (Macintosh; Intel Mac OS X 10_15_0) AppleWebKit/537.36 (KHTML, like Gecko) Chrome/91.0.4472.114 Safari/537.36"
"Azarinth Healer, Book Three",Rhaegar,Length: 29 hrs and 23 mins,"Mozilla/5.0 (Macintosh; Intel Mac OS X 10_15_0) AppleWebKit/537.36 (KHTML, like Gecko) Chrome/91.0.4472.114 Safari/537.36"
Avenging Angel,Kristen Ashley,Length: Not Yet Known,"Mozilla/5.0 (Macintosh; Intel Mac OS X 10_15_0) AppleWebKit/537.36 (KHTML, like Gecko) Chrome/91.0.4472.114 Safari/537.36"
Missing Before Daylight,Carolyn Arnold,Length: 8 hrs and 53 mins,"Mozilla/5.0 (Macintosh; Intel Mac OS X 10_15_0) AppleWebKit/537.36 (KHTML, like Gecko) Chrome/91.0.4472.114 Safari/537.36"
Words of Radiance,Brandon Sanderson,Length: 48 hrs and 13 mins,"Mozilla/5.0 (Macintosh; Intel Mac OS X 10_15_0) AppleWebKit/537.36 (KHTML, like Gecko) Chrome/91.0.4472.114 Safari/537.36"
Whispers of the Missing,"Hazel Holmes,Alexandria Clarke,Roger Hayden",Length: 38 hrs and 14 mins,"Mozilla/5.0 (Macintosh; Intel Mac OS X 10_15_0) AppleWebKit/537.36 (KHTML, like Gecko) Chrome/91.0.4472.114 Safari/537.36"
The Library Murders,Merryn Allingham,Length: 7 hrs and 20 mins,"Mozilla/5.0 (Macintosh; Intel Mac OS X 10_15_0) AppleWebKit/537.36 (KHTML, like Gecko) Chrome/91.0.4472.114 Safari/537.36"
Hábitos atómicos (Español neutro),James Clear,Length: 9 hrs and 1 min,"Mozilla/5.0 (Macintosh; Intel Mac OS X 10_15_0) AppleWebKit/537.36 (KHTML, like Gecko) Chrome/91.0.4472.114 Safari/537.36"
Forgive Me My Sins,Natasha Knight,Length: 17 hrs and 24 mins,"Mozilla/5.0 (Macintosh; Intel Mac OS X 10_15_0) AppleWebKit/537.36 (KHTML, like Gecko) Chrome/91.0.4472.114 Safari/537.36"
House of Earth and Blood,Sarah J. Maas,Length: 27 hrs and 50 mins,"Mozilla/5.0 (Macintosh; Intel Mac OS X 10_15_0) AppleWebKit/537.36 (KHTML, like Gecko) Chrome/91.0.4472.114 Safari/537.36"
The Chaos Agent,Mark Greaney,Length: 17 hrs and 35 mins,"Mozilla/5.0 (Macintosh; Intel Mac OS X 10_15_0) AppleWebKit/537.36 (KHTML, like Gecko) Chrome/91.0.4472.114 Safari/537.36"
Carnage,Shantel Tessier,Length: 18 hrs and 29 mins,"Mozilla/5.0 (Macintosh; Intel Mac OS X 10_15_0) AppleWebKit/537.36 (KHTML, like Gecko) Chrome/91.0.4472.114 Safari/537.36"
The Art of Being Alone,Dave Drayton,Length: 1 hr and 44 mins,"Mozilla/5.0 (Macintosh; Intel Mac OS X 10_15_0) AppleWebKit/537.36 (KHTML, like Gecko) Chrome/91.0.4472.114 Safari/537.36"
Aftermath,Craig Alanson,Length: 19 hrs and 10 mins,"Mozilla/5.0 (Macintosh; Intel Mac OS X 10_15_0) AppleWebKit/537.36 (KHTML, like Gecko) Chrome/91.0.4472.114 Safari/537.36"
Lone Wolf,Gregg Hurwitz,Length: 13 hrs and 13 mins,"Mozilla/5.0 (Macintosh; Intel Mac OS X 10_15_0) AppleWebKit/537.36 (KHTML, like Gecko) Chrome/91.0.4472.114 Safari/537.36"
Eight: Undaunted,Samer Rabadi,Length: 22 hrs and 51 mins,"Mozilla/5.0 (Macintosh; Intel Mac OS X 10_15_0) AppleWebKit/537.36 (KHTML, like Gecko) Chrome/91.0.4472.114 Safari/537.36"
A Witch for Mr. Frost,Deanna Chase,Length: 5 hrs and 29 mins,"Mozilla/5.0 (Macintosh; Intel Mac OS X 10_15_0) AppleWebKit/537.36 (KHTML, like Gecko) Chrome/91.0.4472.114 Safari/537.36"
Outlander,Diana Gabaldon,Length: 32 hrs and 38 mins,"Mozilla/5.0 (Macintosh; Intel Mac OS X 10_15_0) AppleWebKit/537.36 (KHTML, like Gecko) Chrome/91.0.4472.114 Safari/537.36"
A Clash of Kings,George R.R. Martin,Length: 37 hrs and 12 mins,"Mozilla/5.0 (Macintosh; Intel Mac OS X 10_15_0) AppleWebKit/537.36 (KHTML, like Gecko) Chrome/91.0.4472.114 Safari/537.36"
The Starter Ex,Mia Sosa,Length: 7 hrs and 59 mins,"Mozilla/5.0 (Macintosh; Intel Mac OS X 10_15_0) AppleWebKit/537.36 (KHTML, like Gecko) Chrome/91.0.4472.114 Safari/537.36"
Love Life,Matthew Hussey,Length: 12 hrs,"Mozilla/5.0 (Macintosh; Intel Mac OS X 10_15_0) AppleWebKit/537.36 (KHTML, like Gecko) Chrome/91.0.4472.114 Safari/537.36"
Echoes in the Deep,"J.N. Chaney,Terry Maggert",Length: 13 hrs and 7 mins,"Mozilla/5.0 (Macintosh; Intel Mac OS X 10_15_0) AppleWebKit/537.36 (KHTML, like Gecko) Chrome/91.0.4472.114 Safari/537.36"
Avatar,Seth Ring,Length: 14 hrs,"Mozilla/5.0 (Macintosh; Intel Mac OS X 10_15_0) AppleWebKit/537.36 (KHTML, like Gecko) Chrome/91.0.4472.114 Safari/537.36"
Heir of Fire,Sarah J. Maas,Length: 17 hrs and 56 mins,"Mozilla/5.0 (Macintosh; Intel Mac OS X 10_15_0) AppleWebKit/537.36 (KHTML, like Gecko) Chrome/91.0.4472.114 Safari/537.36"
Tower of Dawn,Sarah J. Maas,Length: 22 hrs and 39 mins,"Mozilla/5.0 (Macintosh; Intel Mac OS X 10_15_0) AppleWebKit/537.36 (KHTML, like Gecko) Chrome/91.0.4472.114 Safari/537.36"
When She Loves,Gabrielle Sands,Length: 11 hrs and 4 mins,"Mozilla/5.0 (Macintosh; Intel Mac OS X 10_15_0) AppleWebKit/537.36 (KHTML, like Gecko) Chrome/91.0.4472.114 Safari/537.36"
1984,George Orwell,Length: 11 hrs and 22 mins,"Mozilla/5.0 (Macintosh; Intel Mac OS X 10_15_0) AppleWebKit/537.36 (KHTML, like Gecko) Chrome/91.0.4472.114 Safari/537.36"
He Who Fights with Monsters: A LitRPG Adventure,"Shirtaloon,Travis Deverell",Length: 28 hrs and 56 mins,"Mozilla/5.0 (Macintosh; Intel Mac OS X 10_15_0) AppleWebKit/537.36 (KHTML, like Gecko) Chrome/91.0.4472.114 Safari/537.36"
Amazon FBA Marketing,Essie R Epperson,Length: 5 hrs and 19 mins,"Mozilla/5.0 (Macintosh; Intel Mac OS X 10_15_0) AppleWebKit/537.36 (KHTML, like Gecko) Chrome/91.0.4472.114 Safari/537.36"
Detained,Luna Mason,Length: 10 hrs and 51 mins,"Mozilla/5.0 (Macintosh; Intel Mac OS X 10_15_0) AppleWebKit/537.36 (KHTML, like Gecko) Chrome/91.0.4472.114 Safari/537.36"
Hostile Takeover,Christina C. Jones,Length: 9 hrs and 38 mins,"Mozilla/5.0 (Macintosh; Intel Mac OS X 10_15_0) AppleWebKit/537.36 (KHTML, like Gecko) Chrome/91.0.4472.114 Safari/537.36"
These Thorn Kisses,Saffron A. Kent,Length: 16 hrs and 54 mins,"Mozilla/5.0 (Macintosh; Intel Mac OS X 10_15_0) AppleWebKit/537.36 (KHTML, like Gecko) Chrome/91.0.4472.114 Safari/537.36"
The Rise and Fall of the Third Reich,William L. Shirer,Length: 57 hrs and 11 mins,"Mozilla/5.0 (Macintosh; Intel Mac OS X 10_15_0) AppleWebKit/537.36 (KHTML, like Gecko) Chrome/91.0.4472.114 Safari/537.36"
House of Sky and Breath,Sarah J. Maas,Length: 27 hrs and 42 mins,"Mozilla/5.0 (Macintosh; Intel Mac OS X 10_15_0) AppleWebKit/537.36 (KHTML, like Gecko) Chrome/91.0.4472.114 Safari/537.36"
Faith & the Dead End Devils,"Kathryn Moon,Moonstruck Cover Design",Length: 14 hrs and 58 mins,"Mozilla/5.0 (Macintosh; Intel Mac OS X 10_15_0) AppleWebKit/537.36 (KHTML, like Gecko) Chrome/91.0.4472.114 Safari/537.36"
The Shadow Rising,Robert Jordan,Length: 41 hrs and 13 mins,"Mozilla/5.0 (Macintosh; Intel Mac OS X 10_15_0) AppleWebKit/537.36 (KHTML, like Gecko) Chrome/91.0.4472.114 Safari/537.36"
Las 7000 Palabras Más Usadas en Inglés [The 7000 Most Used Words in English],Emily Montgomery,Length: 13 hrs and 9 mins,"Mozilla/5.0 (Macintosh; Intel Mac OS X 10_15_0) AppleWebKit/537.36 (KHTML, like Gecko) Chrome/91.0.4472.114 Safari/537.36"
The Two Towers,J. R. R. Tolkien,Length: 16 hrs and 40 mins,"Mozilla/5.0 (Macintosh; Intel Mac OS X 10_15_0) AppleWebKit/537.36 (KHTML, like Gecko) Chrome/91.0.4472.114 Safari/537.36"
Feral Shifters: The Complete Series,Callie Rose,Length: 29 hrs and 55 mins,"Mozilla/5.0 (Macintosh; Intel Mac OS X 10_15_0) AppleWebKit/537.36 (KHTML, like Gecko) Chrome/91.0.4472.114 Safari/537.36"
Mimic & Me,"Cassius Lange,Ryan Tang",Length: 16 hrs and 57 mins,"Mozilla/5.0 (Macintosh; Intel Mac OS X 10_15_0) AppleWebKit/537.36 (KHTML, like Gecko) Chrome/91.0.4472.114 Safari/537.36"
The Hero of Ages,Brandon Sanderson,Length: 27 hrs and 25 mins,"Mozilla/5.0 (Macintosh; Intel Mac OS X 10_15_0) AppleWebKit/537.36 (KHTML, like Gecko) Chrome/91.0.4472.114 Safari/537.36"
Empire of the Damned,"Jay Kristoff,Bon Orthwick - illustrator",Length: 22 hrs,"Mozilla/5.0 (Macintosh; Intel Mac OS X 10_15_0) AppleWebKit/537.36 (KHTML, like Gecko) Chrome/91.0.4472.114 Safari/537.36"
Morning Star (Part 1 of 2) (Dramatized Adaptation),Pierce Brown,Length: 9 hrs and 46 mins,"Mozilla/5.0 (Macintosh; Intel Mac OS X 10_15_0) AppleWebKit/537.36 (KHTML, like Gecko) Chrome/91.0.4472.114 Safari/537.36"
The 7000 Most Common Words in Spanish: Mexican & Puerto Rican,Emily Montgomery,Length: 13 hrs and 7 mins,"Mozilla/5.0 (Macintosh; Intel Mac OS X 10_15_0) AppleWebKit/537.36 (KHTML, like Gecko) Chrome/91.0.4472.114 Safari/537.36"
A Storm of Swords,George R.R. Martin,Length: 47 hrs and 34 mins,"Mozilla/5.0 (Macintosh; Intel Mac OS X 10_15_0) AppleWebKit/537.36 (KHTML, like Gecko) Chrome/91.0.4472.114 Safari/537.36"
The House of Whispers,C. Hebert,Length: 12 hrs and 8 mins,"Mozilla/5.0 (Macintosh; Intel Mac OS X 10_15_0) AppleWebKit/537.36 (KHTML, like Gecko) Chrome/91.0.4472.114 Safari/537.36"
Oathbringer,Brandon Sanderson,Length: 55 hrs and 5 mins,"Mozilla/5.0 (Macintosh; Intel Mac OS X 10_15_0) AppleWebKit/537.36 (KHTML, like Gecko) Chrome/91.0.4472.114 Safari/537.36"
Empire of Storms,Sarah J. Maas,Length: 25 hrs and 18 mins,"Mozilla/5.0 (Macintosh; Intel Mac OS X 10_15_0) AppleWebKit/537.36 (KHTML, like Gecko) Chrome/91.0.4472.114 Safari/537.36"
The Well of Ascension,Brandon Sanderson,Length: 28 hrs and 56 mins,"Mozilla/5.0 (Macintosh; Intel Mac OS X 10_15_0) AppleWebKit/537.36 (KHTML, like Gecko) Chrome/91.0.4472.114 Safari/537.36"
Wind and Truth,Brandon Sanderson,Length: 45 hrs,"Mozilla/5.0 (Macintosh; Intel Mac OS X 10_15_0) AppleWebKit/537.36 (KHTML, like Gecko) Chrome/91.0.4472.114 Safari/537.36"
The Ballad of Songbirds and Snakes,Suzanne Collins,Length: 16 hrs and 16 mins,"Mozilla/5.0 (Macintosh; Intel Mac OS X 10_15_0) AppleWebKit/537.36 (KHTML, like Gecko) Chrome/91.0.4472.114 Safari/537.36"
Six-Figure Side Hustle,Rachel Rodgers,Length: 3 hrs and 42 mins,"Mozilla/5.0 (Macintosh; Intel Mac OS X 10_15_0) AppleWebKit/537.36 (KHTML, like Gecko) Chrome/91.0.4472.114 Safari/537.36"
Queen of Shadows,Sarah J. Maas,Length: 20 hrs and 43 mins,"Mozilla/5.0 (Macintosh; Intel Mac OS X 10_15_0) AppleWebKit/537.36 (KHTML, like Gecko) Chrome/91.0.4472.114 Safari/537.36"
Rhythm of War,Brandon Sanderson,Length: 57 hrs and 26 mins,"Mozilla/5.0 (Macintosh; Intel Mac OS X 10_15_0) AppleWebKit/537.36 (KHTML, like Gecko) Chrome/91.0.4472.114 Safari/537.36"
Hell Divers XI: Renegades,Nicholas Sansbury Smith,Length: 13 hrs and 4 mins,"Mozilla/5.0 (Macintosh; Intel Mac OS X 10_15_0) AppleWebKit/537.36 (KHTML, like Gecko) Chrome/91.0.4472.114 Safari/537.36"
Jake's Magical Market 2,J.R. Mathews,Length: 22 hrs and 5 mins,"Mozilla/5.0 (Macintosh; Intel Mac OS X 10_15_0) AppleWebKit/537.36 (KHTML, like Gecko) Chrome/91.0.4472.114 Safari/537.36"
Mistakes We Never Made,Hannah Brown,Length: 11 hrs and 30 mins,"Mozilla/5.0 (Macintosh; Intel Mac OS X 10_15_0) AppleWebKit/537.36 (KHTML, like Gecko) Chrome/91.0.4472.114 Safari/537.36"
The Wise Man's Fear,Patrick Rothfuss,Length: 42 hrs and 55 mins,"Mozilla/5.0 (Macintosh; Intel Mac OS X 10_15_0) AppleWebKit/537.36 (KHTML, like Gecko) Chrome/91.0.4472.114 Safari/537.36"
The Primal Hunter 2,Zogarth,Length: 19 hrs and 25 mins,"Mozilla/5.0 (Macintosh; Intel Mac OS X 10_15_0) AppleWebKit/537.36 (KHTML, like Gecko) Chrome/91.0.4472.114 Safari/537.36"
Caring for Your Aging Parent,Ann Paul,Length: 2 hrs and 59 mins,"Mozilla/5.0 (Macintosh; Intel Mac OS X 10_15_0) AppleWebKit/537.36 (KHTML, like Gecko) Chrome/91.0.4472.114 Safari/537.36"
A Court of Mist and Fury,Sarah J. Maas,Length: 23 hrs and 16 mins,"Mozilla/5.0 (Macintosh; Intel Mac OS X 10_15_0) AppleWebKit/537.36 (KHTML, like Gecko) Chrome/91.0.4472.114 Safari/537.36"
Project Hail Mary,Andy Weir,Length: 16 hrs and 10 mins,"Mozilla/5.0 (Macintosh; Intel Mac OS X 10_15_0) AppleWebKit/537.36 (KHTML, like Gecko) Chrome/91.0.4472.114 Safari/537.36"
The Briar Club,Kate Quinn,Length: 15 hrs and 30 mins,"Mozilla/5.0 (Macintosh; Intel Mac OS X 10_15_0) AppleWebKit/537.36 (KHTML, like Gecko) Chrome/91.0.4472.114 Safari/537.36"
The Chronicles of Narnia Complete Audio Collection,C. S. Lewis,Length: 33 hrs and 45 mins,"Mozilla/5.0 (Macintosh; Intel Mac OS X 10_15_0) AppleWebKit/537.36 (KHTML, like Gecko) Chrome/91.0.4472.114 Safari/537.36"
The Women,Kristin Hannah,Length: 14 hrs and 57 mins,"Mozilla/5.0 (Macintosh; Intel Mac OS X 10_15_0) AppleWebKit/537.36 (KHTML, like Gecko) Chrome/91.0.4472.114 Safari/537.36"
Red Company: Invasion,B.V. Larson,Length: 9 hrs and 40 mins,"Mozilla/5.0 (Macintosh; Intel Mac OS X 10_15_0) AppleWebKit/537.36 (KHTML, like Gecko) Chrome/91.0.4472.114 Safari/537.36"
Three-Inch Teeth,C. J. Box,Length: 9 hrs and 51 mins,"Mozilla/5.0 (Macintosh; Intel Mac OS X 10_15_0) AppleWebKit/537.36 (KHTML, like Gecko) Chrome/91.0.4472.114 Safari/537.36"
Cloaked Deception,Timothy Zahn,Length: 21 hrs and 41 mins,"Mozilla/5.0 (Macintosh; Intel Mac OS X 10_15_0) AppleWebKit/537.36 (KHTML, like Gecko) Chrome/91.0.4472.114 Safari/537.36"
Echoes of War,David North,Length: 20 hrs and 20 mins,"Mozilla/5.0 (Macintosh; Intel Mac OS X 10_15_0) AppleWebKit/537.36 (KHTML, like Gecko) Chrome/91.0.4472.114 Safari/537.36"
The Next Mrs. Parrish,Liv Constantine,Length: 12 hrs,"Mozilla/5.0 (Macintosh; Intel Mac OS X 10_15_0) AppleWebKit/537.36 (KHTML, like Gecko) Chrome/91.0.4472.114 Safari/537.36"
Rise of the Weakest Summoner: Volume VIII,J.R. Saileri,Length: 19 hrs and 12 mins,"Mozilla/5.0 (Macintosh; Intel Mac OS X 10_15_0) AppleWebKit/537.36 (KHTML, like Gecko) Chrome/91.0.4472.114 Safari/537.36"
Amelia's Shadow,Marie Benedict,Length: 53 mins,"Mozilla/5.0 (Macintosh; Intel Mac OS X 10_15_0) AppleWebKit/537.36 (KHTML, like Gecko) Chrome/91.0.4472.114 Safari/537.36"
Eldest,Christopher Paolini,Length: 23 hrs and 30 mins,"Mozilla/5.0 (Macintosh; Intel Mac OS X 10_15_0) AppleWebKit/537.36 (KHTML, like Gecko) Chrome/91.0.4472.114 Safari/537.36"
Kingdom of Ash,Sarah J. Maas,Length: 33 hrs and 11 mins,"Mozilla/5.0 (Macintosh; Intel Mac OS X 10_15_0) AppleWebKit/537.36 (KHTML, like Gecko) Chrome/91.0.4472.114 Safari/537.36"
Why We Sleep,Matthew Walker,Length: 13 hrs and 52 mins,"Mozilla/5.0 (Macintosh; Intel Mac OS X 10_15_0) AppleWebKit/537.36 (KHTML, like Gecko) Chrome/91.0.4472.114 Safari/537.36"
Layla,Colleen Hoover,Length: 8 hrs and 10 mins,"Mozilla/5.0 (Macintosh; Intel Mac OS X 10_15_0) AppleWebKit/537.36 (KHTML, like Gecko) Chrome/91.0.4472.114 Safari/537.36"
Orley Farm,Anthony Trollope,Length: 32 hrs and 18 mins,"Mozilla/5.0 (Macintosh; Intel Mac OS X 10_15_0) AppleWebKit/537.36 (KHTML, like Gecko) Chrome/91.0.4472.114 Safari/537.36"
Hercule Poirot: The Complete Short Stories,Agatha Christie,Length: 35 hrs and 5 mins,"Mozilla/5.0 (Macintosh; Intel Mac OS X 10_15_0) AppleWebKit/537.36 (KHTML, like Gecko) Chrome/91.0.4472.114 Safari/537.36"
The Wife Upstairs,Freida McFadden,Length: 10 hrs and 3 mins,"Mozilla/5.0 (Macintosh; Intel Mac OS X 10_15_0) AppleWebKit/537.36 (KHTML, like Gecko) Chrome/91.0.4472.114 Safari/537.36"
Never Finished,David Goggins,Length: 11 hrs and 6 mins,"Mozilla/5.0 (Macintosh; Intel Mac OS X 10_15_0) AppleWebKit/537.36 (KHTML, like Gecko) Chrome/91.0.4472.114 Safari/537.36"
"Harry Potter and the Half-Blood Prince, Book 6",J.K. Rowling,Length: 18 hrs and 32 mins,"Mozilla/5.0 (Macintosh; Intel Mac OS X 10_15_0) AppleWebKit/537.36 (KHTML, like Gecko) Chrome/91.0.4472.114 Safari/537.36"
Valley of the Dead,"Christopher Hopper,J.N. Chaney",Length: 12 hrs and 23 mins,"Mozilla/5.0 (Macintosh; Intel Mac OS X 10_15_0) AppleWebKit/537.36 (KHTML, like Gecko) Chrome/91.0.4472.114 Safari/537.36"
"The Word of Promise Audio Bible—New King James Version, NKJV: Complete Bible",Thomas Nelson Inc.,Length: 98 hrs and 1 min,"Mozilla/5.0 (Macintosh; Intel Mac OS X 10_15_0) AppleWebKit/537.36 (KHTML, like Gecko) Chrome/91.0.4472.114 Safari/537.36"
Co-Intelligence,Ethan Mollick,Length: 8 hrs,"Mozilla/5.0 (Macintosh; Intel Mac OS X 10_15_0) AppleWebKit/537.36 (KHTML, like Gecko) Chrome/91.0.4472.114 Safari/537.36"
"Harry Potter and the Sorcerer's Stone, Book 1",J.K. Rowling,Length: 8 hrs and 18 mins,"Mozilla/5.0 (Macintosh; Intel Mac OS X 10_15_0) AppleWebKit/537.36 (KHTML, like Gecko) Chrome/91.0.4472.114 Safari/537.36"
Corpies (Dramatized Adaptation),Drew Hayes,Length: 11 hrs and 23 mins,"Mozilla/5.0 (Macintosh; Intel Mac OS X 10_15_0) AppleWebKit/537.36 (KHTML, like Gecko) Chrome/91.0.4472.114 Safari/537.36"
In Clawed Grasp,Seth Richter,Length: 28 hrs and 14 mins,"Mozilla/5.0 (Macintosh; Intel Mac OS X 10_15_0) AppleWebKit/537.36 (KHTML, like Gecko) Chrome/91.0.4472.114 Safari/537.36"
The Crown of Gilded Bones,Jennifer L. Armentrout,Length: 25 hrs and 22 mins,"Mozilla/5.0 (Macintosh; Intel Mac OS X 10_15_0) AppleWebKit/537.36 (KHTML, like Gecko) Chrome/91.0.4472.114 Safari/537.36"
The Woman in Me,Britney Spears,Length: 5 hrs and 31 mins,"Mozilla/5.0 (Macintosh; Intel Mac OS X 10_15_0) AppleWebKit/537.36 (KHTML, like Gecko) Chrome/91.0.4472.114 Safari/537.36"
Lord of Chaos,Robert Jordan,Length: 41 hrs and 32 mins,"Mozilla/5.0 (Macintosh; Intel Mac OS X 10_15_0) AppleWebKit/537.36 (KHTML, like Gecko) Chrome/91.0.4472.114 Safari/537.36"
The Dungeon Anarchist's Cookbook,Matt Dinniman,Length: 16 hrs and 54 mins,"Mozilla/5.0 (Macintosh; Intel Mac OS X 10_15_0) AppleWebKit/537.36 (KHTML, like Gecko) Chrome/91.0.4472.114 Safari/537.36"
Shamanslayer,Nathan Long,Length: 10 hrs and 49 mins,"Mozilla/5.0 (Macintosh; Intel Mac OS X 10_15_0) AppleWebKit/537.36 (KHTML, like Gecko) Chrome/91.0.4472.114 Safari/537.36"
Too Late,Colleen Hoover,Length: 10 hrs and 19 mins,"Mozilla/5.0 (Macintosh; Intel Mac OS X 10_15_0) AppleWebKit/537.36 (KHTML, like Gecko) Chrome/91.0.4472.114 Safari/537.36"
The Beloved,J.R. Ward,Length: 10 hrs,"Mozilla/5.0 (Macintosh; Intel Mac OS X 10_15_0) AppleWebKit/537.36 (KHTML, like Gecko) Chrome/91.0.4472.114 Safari/537.36"
Amazon FBA for Beginners,Essie R Epperson,Length: 3 hrs and 21 mins,"Mozilla/5.0 (Macintosh; Intel Mac OS X 10_15_0) AppleWebKit/537.36 (KHTML, like Gecko) Chrome/91.0.4472.114 Safari/537.36"
A Court of Silver Flames,Sarah J. Maas,Length: 26 hrs and 5 mins,"Mozilla/5.0 (Macintosh; Intel Mac OS X 10_15_0) AppleWebKit/537.36 (KHTML, like Gecko) Chrome/91.0.4472.114 Safari/537.36"
The Girl in Hawaii,A.J. Rivers,Length: 8 hrs and 7 mins,"Mozilla/5.0 (Macintosh; Intel Mac OS X 10_15_0) AppleWebKit/537.36 (KHTML, like Gecko) Chrome/91.0.4472.114 Safari/537.36"
"Harry Potter and the Chamber of Secrets, Book 2",J.K. Rowling,Length: 9 hrs and 2 mins,"Mozilla/5.0 (Macintosh; Intel Mac OS X 10_15_0) AppleWebKit/537.36 (KHTML, like Gecko) Chrome/91.0.4472.114 Safari/537.36"
Magic's Mantle,Bruce Sentar,Length: 15 hrs and 41 mins,"Mozilla/5.0 (Macintosh; Intel Mac OS X 10_15_0) AppleWebKit/537.36 (KHTML, like Gecko) Chrome/91.0.4472.114 Safari/537.36"
Countdown,Sean Oswald,Length: 16 hrs and 40 mins,"Mozilla/5.0 (Macintosh; Intel Mac OS X 10_15_0) AppleWebKit/537.36 (KHTML, like Gecko) Chrome/91.0.4472.114 Safari/537.36"
Butcher & Blackbird,Brynne Weaver,Length: 8 hrs and 43 mins,"Mozilla/5.0 (Macintosh; Intel Mac OS X 10_15_0) AppleWebKit/537.36 (KHTML, like Gecko) Chrome/91.0.4472.114 Safari/537.36"
Luna Marked: The Complete Series,"Heather Renee,Mystics and Mayhem",Length: 20 hrs and 51 mins,"Mozilla/5.0 (Macintosh; Intel Mac OS X 10_15_0) AppleWebKit/537.36 (KHTML, like Gecko) Chrome/91.0.4472.114 Safari/537.36"
Lor,Lily Mayne,Length: 20 hrs and 28 mins,"Mozilla/5.0 (Macintosh; Intel Mac OS X 10_15_0) AppleWebKit/537.36 (KHTML, like Gecko) Chrome/91.0.4472.114 Safari/537.36"
"Harry Potter and the Prisoner of Azkaban, Book 3",J.K. Rowling,Length: 11 hrs and 49 mins,"Mozilla/5.0 (Macintosh; Intel Mac OS X 10_15_0) AppleWebKit/537.36 (KHTML, like Gecko) Chrome/91.0.4472.114 Safari/537.36"
Gentlemen Prefer Villains,C. Rochelle,Length: 10 hrs and 47 mins,"Mozilla/5.0 (Macintosh; Intel Mac OS X 10_15_0) AppleWebKit/537.36 (KHTML, like Gecko) Chrome/91.0.4472.114 Safari/537.36"
Apocalypse Me,Noct,Length: 15 hrs and 48 mins,"Mozilla/5.0 (Macintosh; Intel Mac OS X 10_15_0) AppleWebKit/537.36 (KHTML, like Gecko) Chrome/91.0.4472.114 Safari/537.36"
Focus on What Matters,Darius Foroux,Length: 5 hrs and 3 mins,"Mozilla/5.0 (Macintosh; Intel Mac OS X 10_15_0) AppleWebKit/537.36 (KHTML, like Gecko) Chrome/91.0.4472.114 Safari/537.36"
"Days of Want Series, Books 1-7",T. L. Payne,Length: 43 hrs and 42 mins,"Mozilla/5.0 (Macintosh; Intel Mac OS X 10_15_0) AppleWebKit/537.36 (KHTML, like Gecko) Chrome/91.0.4472.114 Safari/537.36"
Fire and Fury,"Christopher Hopper,J.N. Chaney",Length: 12 hrs and 22 mins,"Mozilla/5.0 (Macintosh; Intel Mac OS X 10_15_0) AppleWebKit/537.36 (KHTML, like Gecko) Chrome/91.0.4472.114 Safari/537.36"
The Dragon's Blade Trilogy,Michael R. Miller,Length: 45 hrs and 58 mins,"Mozilla/5.0 (Macintosh; Intel Mac OS X 10_15_0) AppleWebKit/537.36 (KHTML, like Gecko) Chrome/91.0.4472.114 Safari/537.36"
Power Up,Craig Anderson,Length: 26 hrs and 24 mins,"Mozilla/5.0 (Macintosh; Intel Mac OS X 10_15_0) AppleWebKit/537.36 (KHTML, like Gecko) Chrome/91.0.4472.114 Safari/537.36"
Random in Death,J. D. Robb,Length: 13 hrs and 6 mins,"Mozilla/5.0 (Macintosh; Intel Mac OS X 10_15_0) AppleWebKit/537.36 (KHTML, like Gecko) Chrome/91.0.4472.114 Safari/537.36"
How to ADHD,Jessica McCabe,Length: 8 hrs and 58 mins,"Mozilla/5.0 (Macintosh; Intel Mac OS X 10_15_0) AppleWebKit/537.36 (KHTML, like Gecko) Chrome/91.0.4472.114 Safari/537.36"
House of Flame and Shadow,Sarah J. Maas,Length: 29 hrs and 42 mins,"Mozilla/5.0 (Macintosh; Intel Mac OS X 10_15_0) AppleWebKit/537.36 (KHTML, like Gecko) Chrome/91.0.4472.114 Safari/537.36"
A Kingdom of Flesh and Fire,Jennifer L. Armentrout,Length: 24 hrs and 21 mins,"Mozilla/5.0 (Macintosh; Intel Mac OS X 10_15_0) AppleWebKit/537.36 (KHTML, like Gecko) Chrome/91.0.4472.114 Safari/537.36"
Fourth Wing (Part 2 of 2) (Dramatized Adaptation),Rebecca Yarros,Length: 9 hrs and 22 mins,"Mozilla/5.0 (Macintosh; Intel Mac OS X 10_15_0) AppleWebKit/537.36 (KHTML, like Gecko) Chrome/91.0.4472.114 Safari/537.36"
"I, Jedi",Michael A. Stackpole,Length: 14 hrs,"Mozilla/5.0 (Macintosh; Intel Mac OS X 10_15_0) AppleWebKit/537.36 (KHTML, like Gecko) Chrome/91.0.4472.114 Safari/537.36"
The Stand,Stephen King,Length: 47 hrs and 47 mins,"Mozilla/5.0 (Macintosh; Intel Mac OS X 10_15_0) AppleWebKit/537.36 (KHTML, like Gecko) Chrome/91.0.4472.114 Safari/537.36"
"Red Flags, Green Flags",Dr Ali Fenwick,Length: Not Yet Known,"Mozilla/5.0 (Macintosh; Intel Mac OS X 10_15_0) AppleWebKit/537.36 (KHTML, like Gecko) Chrome/91.0.4472.114 Safari/537.36"
Iron Gold,Pierce Brown,Length: 23 hrs and 23 mins,"Mozilla/5.0 (Macintosh; Intel Mac OS X 10_15_0) AppleWebKit/537.36 (KHTML, like Gecko) Chrome/91.0.4472.114 Safari/537.36"
A Court of Wings and Ruin,Sarah J. Maas,Length: 25 hrs and 9 mins,"Mozilla/5.0 (Macintosh; Intel Mac OS X 10_15_0) AppleWebKit/537.36 (KHTML, like Gecko) Chrome/91.0.4472.114 Safari/537.36"
Burn It Down,JJ Grice,Length: 8 hrs and 31 mins,"Mozilla/5.0 (Macintosh; Intel Mac OS X 10_15_0) AppleWebKit/537.36 (KHTML, like Gecko) Chrome/91.0.4472.114 Safari/537.36"
Wraith Squadron,Aaron Allston,Length: 16 hrs and 3 mins,"Mozilla/5.0 (Macintosh; Intel Mac OS X 10_15_0) AppleWebKit/537.36 (KHTML, like Gecko) Chrome/91.0.4472.114 Safari/537.36"
How to Talk to Anyone,Leil Lowndes,Length: 8 hrs and 59 mins,"Mozilla/5.0 (Macintosh; Intel Mac OS X 10_15_0) AppleWebKit/537.36 (KHTML, like Gecko) Chrome/91.0.4472.114 Safari/537.36"
"Harry Potter and the Deathly Hallows, Book 7",J.K. Rowling,Length: 21 hrs and 36 mins,"Mozilla/5.0 (Macintosh; Intel Mac OS X 10_15_0) AppleWebKit/537.36 (KHTML, like Gecko) Chrome/91.0.4472.114 Safari/537.36"
Puck Shy,Kayla Grosse,Length: 6 hrs,"Mozilla/5.0 (Macintosh; Intel Mac OS X 10_15_0) AppleWebKit/537.36 (KHTML, like Gecko) Chrome/91.0.4472.114 Safari/537.36"
A Court of Thorns and Roses,Sarah J. Maas,Length: 16 hrs and 7 mins,"Mozilla/5.0 (Macintosh; Intel Mac OS X 10_15_0) AppleWebKit/537.36 (KHTML, like Gecko) Chrome/91.0.4472.114 Safari/537.36"
The Fellowship of the Ring,J. R. R. Tolkien,Length: 19 hrs and 7 mins,"Mozilla/5.0 (Macintosh; Intel Mac OS X 10_15_0) AppleWebKit/537.36 (KHTML, like Gecko) Chrome/91.0.4472.114 Safari/537.36"
Kid,Jescie Hall,Length: 14 hrs and 1 min,"Mozilla/5.0 (Macintosh; Intel Mac OS X 10_15_0) AppleWebKit/537.36 (KHTML, like Gecko) Chrome/91.0.4472.114 Safari/537.36"
"Chrysalis, Books 1-3",RinoZ,Length: 54 hrs and 41 mins,"Mozilla/5.0 (Macintosh; Intel Mac OS X 10_15_0) AppleWebKit/537.36 (KHTML, like Gecko) Chrome/91.0.4472.114 Safari/537.36"
Red Rising,Pierce Brown,Length: 16 hrs and 12 mins,"Mozilla/5.0 (Macintosh; Intel Mac OS X 10_15_0) AppleWebKit/537.36 (KHTML, like Gecko) Chrome/91.0.4472.114 Safari/537.36"
Demon Copperhead,Barbara Kingsolver,Length: 21 hrs and 3 mins,"Mozilla/5.0 (Macintosh; Intel Mac OS X 10_15_0) AppleWebKit/537.36 (KHTML, like Gecko) Chrome/91.0.4472.114 Safari/537.36"
Ramsgate Rescue,Laraba Kendig,Length: 6 hrs and 55 mins,"Mozilla/5.0 (Macintosh; Intel Mac OS X 10_15_0) AppleWebKit/537.36 (KHTML, like Gecko) Chrome/91.0.4472.114 Safari/537.36"
Killing Floor,Lee Child,Length: 17 hrs and 47 mins,"Mozilla/5.0 (Macintosh; Intel Mac OS X 10_15_0) AppleWebKit/537.36 (KHTML, like Gecko) Chrome/91.0.4472.114 Safari/537.36"
All the Scary Little Gods,Natalie Hoffman,Length: 11 hrs and 39 mins,"Mozilla/5.0 (Macintosh; Intel Mac OS X 10_15_0) AppleWebKit/537.36 (KHTML, like Gecko) Chrome/91.0.4472.114 Safari/537.36"
A Warm Place: The Complete Series,Misty Vixen,Length: 71 hrs and 59 mins,"Mozilla/5.0 (Macintosh; Intel Mac OS X 10_15_0) AppleWebKit/537.36 (KHTML, like Gecko) Chrome/91.0.4472.114 Safari/537.36"
The Hero,Susan Stoker,Length: 8 hrs and 17 mins,"Mozilla/5.0 (Macintosh; Intel Mac OS X 10_15_0) AppleWebKit/537.36 (KHTML, like Gecko) Chrome/91.0.4472.114 Safari/537.36"
The Spy Coast,Tess Gerritsen,Length: 10 hrs and 23 mins,"Mozilla/5.0 (Macintosh; Intel Mac OS X 10_15_0) AppleWebKit/537.36 (KHTML, like Gecko) Chrome/91.0.4472.114 Safari/537.36"
The Primal Hunter 7 - A LitRPG Adventure,Zogarth,Length: 17 hrs and 49 mins,"Mozilla/5.0 (Macintosh; Intel Mac OS X 10_15_0) AppleWebKit/537.36 (KHTML, like Gecko) Chrome/91.0.4472.114 Safari/537.36"
Ghosts in the Garden,Danielle Garrett,Length: 5 hrs and 46 mins,"Mozilla/5.0 (Macintosh; Intel Mac OS X 10_15_0) AppleWebKit/537.36 (KHTML, like Gecko) Chrome/91.0.4472.114 Safari/537.36"
Ready Player Two,Ernest Cline,Length: 13 hrs and 46 mins,"Mozilla/5.0 (Macintosh; Intel Mac OS X 10_15_0) AppleWebKit/537.36 (KHTML, like Gecko) Chrome/91.0.4472.114 Safari/537.36"
Goblin Apocalypse 3,Michael Dalton,Length: 6 hrs and 9 mins,"Mozilla/5.0 (Macintosh; Intel Mac OS X 10_15_0) AppleWebKit/537.36 (KHTML, like Gecko) Chrome/91.0.4472.114 Safari/537.36"
Big Bad Boss: Midnight,"Renee Rose,Lee Savino",Length: 7 hrs and 47 mins,"Mozilla/5.0 (Macintosh; Intel Mac OS X 10_15_0) AppleWebKit/537.36 (KHTML, like Gecko) Chrome/91.0.4472.114 Safari/537.36"
Healing Through Breathing,Eddie Stern,Length: 2 hrs and 49 mins,"Mozilla/5.0 (Macintosh; Intel Mac OS X 10_15_0) AppleWebKit/537.36 (KHTML, like Gecko) Chrome/91.0.4472.114 Safari/537.36"
Slayers: A Buffyverse Story,"Christopher Golden,Amber Benson",Length: 8 hrs and 2 mins,"Mozilla/5.0 (Macintosh; Intel Mac OS X 10_15_0) AppleWebKit/537.36 (KHTML, like Gecko) Chrome/91.0.4472.114 Safari/537.36"
"Harry Potter and the Goblet of Fire, Book 4",J.K. Rowling,Length: 20 hrs and 36 mins,"Mozilla/5.0 (Macintosh; Intel Mac OS X 10_15_0) AppleWebKit/537.36 (KHTML, like Gecko) Chrome/91.0.4472.114 Safari/537.36"
"Unintended Cultivator, Volume One",Eric Dontigney,Length: 13 hrs and 40 mins,"Mozilla/5.0 (Macintosh; Intel Mac OS X 10_15_0) AppleWebKit/537.36 (KHTML, like Gecko) Chrome/91.0.4472.114 Safari/537.36"
Inheritance,Christopher Paolini,Length: 31 hrs and 17 mins,"Mozilla/5.0 (Macintosh; Intel Mac OS X 10_15_0) AppleWebKit/537.36 (KHTML, like Gecko) Chrome/91.0.4472.114 Safari/537.36"
Freezing Order,Bill Browder,Length: 10 hrs and 29 mins,"Mozilla/5.0 (Macintosh; Intel Mac OS X 10_15_0) AppleWebKit/537.36 (KHTML, like Gecko) Chrome/91.0.4472.114 Safari/537.36"
Holly,Stephen King,Length: 15 hrs and 24 mins,"Mozilla/5.0 (Macintosh; Intel Mac OS X 10_15_0) AppleWebKit/537.36 (KHTML, like Gecko) Chrome/91.0.4472.114 Safari/537.36"
12 Rules for Life,"Jordan B. Peterson,Norman Doidge MD",Length: 15 hrs and 40 mins,"Mozilla/5.0 (Macintosh; Intel Mac OS X 10_15_0) AppleWebKit/537.36 (KHTML, like Gecko) Chrome/91.0.4472.114 Safari/537.36"
The Eye of the Bedlam Bride,Matt Dinniman,Length: 26 hrs and 46 mins,"Mozilla/5.0 (Macintosh; Intel Mac OS X 10_15_0) AppleWebKit/537.36 (KHTML, like Gecko) Chrome/91.0.4472.114 Safari/537.36"
The Nightingale,Kristin Hannah,Length: 17 hrs and 19 mins,"Mozilla/5.0 (Macintosh; Intel Mac OS X 10_15_0) AppleWebKit/537.36 (KHTML, like Gecko) Chrome/91.0.4472.114 Safari/537.36"
Children of Dune,Frank Herbert,Length: 16 hrs and 51 mins,"Mozilla/5.0 (Macintosh; Intel Mac OS X 10_15_0) AppleWebKit/537.36 (KHTML, like Gecko) Chrome/91.0.4472.114 Safari/537.36"
Torrent Witches Cozy Mysteries Complete Box Set: Books 1-10,Tess Lake,Length: 65 hrs and 31 mins,"Mozilla/5.0 (Macintosh; Intel Mac OS X 10_15_0) AppleWebKit/537.36 (KHTML, like Gecko) Chrome/91.0.4472.114 Safari/537.36"
Lost in Time,A.G. Riddle,Length: 11 hrs and 28 mins,"Mozilla/5.0 (Macintosh; Intel Mac OS X 10_15_0) AppleWebKit/537.36 (KHTML, like Gecko) Chrome/91.0.4472.114 Safari/537.36"
"Harry Potter and the Order of the Phoenix, Book 5",J.K. Rowling,Length: 26 hrs and 28 mins,"Mozilla/5.0 (Macintosh; Intel Mac OS X 10_15_0) AppleWebKit/537.36 (KHTML, like Gecko) Chrome/91.0.4472.114 Safari/537.36"
Reborn as a Demonic Tree 2,XKarnation,Length: 13 hrs and 15 mins,"Mozilla/5.0 (Macintosh; Intel Mac OS X 10_15_0) AppleWebKit/537.36 (KHTML, like Gecko) Chrome/91.0.4472.114 Safari/537.36"
Just a Little Wickedness,Merry Farmer,Length: 7 hrs and 7 mins,"Mozilla/5.0 (Macintosh; Intel Mac OS X 10_15_0) AppleWebKit/537.36 (KHTML, like Gecko) Chrome/91.0.4472.114 Safari/537.36"
Missy Tells: The Momster Diaries,Gregg Olsen,Length: 32 mins,"Mozilla/5.0 (Macintosh; Intel Mac OS X 10_15_0) AppleWebKit/537.36 (KHTML, like Gecko) Chrome/91.0.4472.114 Safari/537.36"
The Psychology of Money,Morgan Housel,Length: 5 hrs and 48 mins,"Mozilla/5.0 (Macintosh; Intel Mac OS X 10_15_0) AppleWebKit/537.36 (KHTML, like Gecko) Chrome/91.0.4472.114 Safari/537.36"
The Hiding Place,"Corrie ten Boom,Elizabeth Sherrill,John Sherrill",Length: 8 hrs and 14 mins,"Mozilla/5.0 (Macintosh; Intel Mac OS X 10_15_0) AppleWebKit/537.36 (KHTML, like Gecko) Chrome/91.0.4472.114 Safari/537.36"
Table for Two,Amor Towles,Length: 13 hrs and 23 mins,"Mozilla/5.0 (Macintosh; Intel Mac OS X 10_15_0) AppleWebKit/537.36 (KHTML, like Gecko) Chrome/91.0.4472.114 Safari/537.36"
Natural Remedies Sustain Me,Niella Brown,Length: 5 hrs and 11 mins,"Mozilla/5.0 (Macintosh; Intel Mac OS X 10_15_0) AppleWebKit/537.36 (KHTML, like Gecko) Chrome/91.0.4472.114 Safari/537.36"
101 Essays That Will Change the Way You Think,Brianna Wiest,Length: 10 hrs and 45 mins,"Mozilla/5.0 (Macintosh; Intel Mac OS X 10_15_0) AppleWebKit/537.36 (KHTML, like Gecko) Chrome/91.0.4472.114 Safari/537.36"
Romancing Mister Bridgerton,Julia Quinn,Length: 13 hrs and 17 mins,"Mozilla/5.0 (Macintosh; Intel Mac OS X 10_15_0) AppleWebKit/537.36 (KHTML, like Gecko) Chrome/91.0.4472.114 Safari/537.36"
The Final Empire,Brandon Sanderson,Length: 24 hrs and 39 mins,"Mozilla/5.0 (Macintosh; Intel Mac OS X 10_15_0) AppleWebKit/537.36 (KHTML, like Gecko) Chrome/91.0.4472.114 Safari/537.36"
"The Search for Hidden, Sacred Knowledge",Dolores Cannon,Length: 13 hrs and 6 mins,"Mozilla/5.0 (Macintosh; Intel Mac OS X 10_15_0) AppleWebKit/537.36 (KHTML, like Gecko) Chrome/91.0.4472.114 Safari/537.36"
Possession,Brynne Asher,Length: 14 hrs,"Mozilla/5.0 (Macintosh; Intel Mac OS X 10_15_0) AppleWebKit/537.36 (KHTML, like Gecko) Chrome/91.0.4472.114 Safari/537.36"
The Fires of Heaven,Robert Jordan,Length: 36 hrs and 27 mins,"Mozilla/5.0 (Macintosh; Intel Mac OS X 10_15_0) AppleWebKit/537.36 (KHTML, like Gecko) Chrome/91.0.4472.114 Safari/537.36"
Iron Flame,Rebecca Yarros,Length: 28 hrs and 16 mins,"Mozilla/5.0 (Macintosh; Intel Mac OS X 10_15_0) AppleWebKit/537.36 (KHTML, like Gecko) Chrome/91.0.4472.114 Safari/537.36"
Descent,Marko Kloos,Length: 10 hrs,"Mozilla/5.0 (Macintosh; Intel Mac OS X 10_15_0) AppleWebKit/537.36 (KHTML, like Gecko) Chrome/91.0.4472.114 Safari/537.36"
The Battle of the Labyrinth,Rick Riordan,Length: 10 hrs and 31 mins,"Mozilla/5.0 (Macintosh; Intel Mac OS X 10_15_0) AppleWebKit/537.36 (KHTML, like Gecko) Chrome/91.0.4472.114 Safari/537.36"
Elon Musk,Walter Isaacson,Length: 20 hrs and 39 mins,"Mozilla/5.0 (Macintosh; Intel Mac OS X 10_15_0) AppleWebKit/537.36 (KHTML, like Gecko) Chrome/91.0.4472.114 Safari/537.36"
How to Walk on Water and Climb up Walls,David Hu,Length: 6 hrs and 56 mins,"Mozilla/5.0 (Macintosh; Intel Mac OS X 10_15_0) AppleWebKit/537.36 (KHTML, like Gecko) Chrome/91.0.4472.114 Safari/537.36"
Hell on High Heels,Jay Aury,Length: 6 hrs and 57 mins,"Mozilla/5.0 (Macintosh; Intel Mac OS X 10_15_0) AppleWebKit/537.36 (KHTML, like Gecko) Chrome/91.0.4472.114 Safari/537.36"
The Housemaid,Freida McFadden,Length: 9 hrs and 46 mins,"Mozilla/5.0 (Macintosh; Intel Mac OS X 10_15_0) AppleWebKit/537.36 (KHTML, like Gecko) Chrome/91.0.4472.114 Safari/537.36"
"Holmes, Marple & Poe","James Patterson,Brian Sitts",Length: 9 hrs and 8 mins,"Mozilla/5.0 (Macintosh; Intel Mac OS X 10_15_0) AppleWebKit/537.36 (KHTML, like Gecko) Chrome/91.0.4472.114 Safari/537.36"
The Edge,David Baldacci,Length: 11 hrs and 45 mins,"Mozilla/5.0 (Macintosh; Intel Mac OS X 10_15_0) AppleWebKit/537.36 (KHTML, like Gecko) Chrome/91.0.4472.114 Safari/537.36"
The Teacher,Freida McFadden,Length: 9 hrs and 35 mins,"Mozilla/5.0 (Macintosh; Intel Mac OS X 10_15_0) AppleWebKit/537.36 (KHTML, like Gecko) Chrome/91.0.4472.114 Safari/537.36"
Come As You Are: Revised and Updated,Emily Nagoski PhD,Length: 11 hrs and 30 mins,"Mozilla/5.0 (Macintosh; Intel Mac OS X 10_15_0) AppleWebKit/537.36 (KHTML, like Gecko) Chrome/91.0.4472.114 Safari/537.36"
Murder Never Retires,Faith Martin,Length: 8 hrs and 4 mins,"Mozilla/5.0 (Macintosh; Intel Mac OS X 10_15_0) AppleWebKit/537.36 (KHTML, like Gecko) Chrome/91.0.4472.114 Safari/537.36"
He Who Fights with Monsters 9,"Shirtaloon,Travis Deverell",Length: 28 hrs and 3 mins,"Mozilla/5.0 (Macintosh; Intel Mac OS X 10_15_0) AppleWebKit/537.36 (KHTML, like Gecko) Chrome/91.0.4472.114 Safari/537.36"
If You Tell,Gregg Olsen,Length: 10 hrs and 34 mins,"Mozilla/5.0 (Macintosh; Intel Mac OS X 10_15_0) AppleWebKit/537.36 (KHTML, like Gecko) Chrome/91.0.4472.114 Safari/537.36"
The Complete Dark Days Series,Ryan Schow,Length: 38 hrs and 55 mins,"Mozilla/5.0 (Macintosh; Intel Mac OS X 10_15_0) AppleWebKit/537.36 (KHTML, like Gecko) Chrome/91.0.4472.114 Safari/537.36"
Secrets and Strife: An Isekai LitRPG,SourpatchHero,Length: 18 hrs and 53 mins,"Mozilla/5.0 (Macintosh; Intel Mac OS X 10_15_0) AppleWebKit/537.36 (KHTML, like Gecko) Chrome/91.0.4472.114 Safari/537.36"
America Falls Collection 1: Books 1-6,Scott Medbury,Length: 33 hrs and 15 mins,"Mozilla/5.0 (Macintosh; Intel Mac OS X 10_15_0) AppleWebKit/537.36 (KHTML, like Gecko) Chrome/91.0.4472.114 Safari/537.36"
Visions of Flesh and Blood,"Jennifer L. Armentrout,Rayvn Salvador - contributor",Length: 25 hrs and 53 mins,"Mozilla/5.0 (Macintosh; Intel Mac OS X 10_15_0) AppleWebKit/537.36 (KHTML, like Gecko) Chrome/91.0.4472.114 Safari/537.36"
48 Laws of Power,Robert Greene,Length: 23 hrs and 6 mins,"Mozilla/5.0 (Macintosh; Intel Mac OS X 10_15_0) AppleWebKit/537.36 (KHTML, like Gecko) Chrome/91.0.4472.114 Safari/537.36"
The Last Olympian,Rick Riordan,Length: 11 hrs,"Mozilla/5.0 (Macintosh; Intel Mac OS X 10_15_0) AppleWebKit/537.36 (KHTML, like Gecko) Chrome/91.0.4472.114 Safari/537.36"
Brisingr,Christopher Paolini,Length: 29 hrs and 34 mins,"Mozilla/5.0 (Macintosh; Intel Mac OS X 10_15_0) AppleWebKit/537.36 (KHTML, like Gecko) Chrome/91.0.4472.114 Safari/537.36"
Learn French While You Sleep: 20+ Hours,The Language Lab,Length: 20 hrs and 58 mins,"Mozilla/5.0 (Macintosh; Intel Mac OS X 10_15_0) AppleWebKit/537.36 (KHTML, like Gecko) Chrome/91.0.4472.114 Safari/537.36"
Spare,Prince Harry The Duke of Sussex,Length: 15 hrs and 39 mins,"Mozilla/5.0 (Macintosh; Intel Mac OS X 10_15_0) AppleWebKit/537.36 (KHTML, like Gecko) Chrome/91.0.4472.114 Safari/537.36"
The Multiplication Factor,Mark Walker,Length: 4 hrs and 44 mins,"Mozilla/5.0 (Macintosh; Intel Mac OS X 10_15_0) AppleWebKit/537.36 (KHTML, like Gecko) Chrome/91.0.4472.114 Safari/537.36"
Ashes of You,Catherine Cowles,Length: 9 hrs and 12 mins,"Mozilla/5.0 (Macintosh; Intel Mac OS X 10_15_0) AppleWebKit/537.36 (KHTML, like Gecko) Chrome/91.0.4472.114 Safari/537.36"
The Gate of the Feral Gods,Matt Dinniman,Length: 18 hrs and 3 mins,"Mozilla/5.0 (Macintosh; Intel Mac OS X 10_15_0) AppleWebKit/537.36 (KHTML, like Gecko) Chrome/91.0.4472.114 Safari/537.36"
The Stranger in Her House,John Marrs,Length: 10 hrs and 11 mins,"Mozilla/5.0 (Macintosh; Intel Mac OS X 10_15_0) AppleWebKit/537.36 (KHTML, like Gecko) Chrome/91.0.4472.114 Safari/537.36"
All My Secrets,Lynn Austin,Length: 12 hrs and 37 mins,"Mozilla/5.0 (Macintosh; Intel Mac OS X 10_15_0) AppleWebKit/537.36 (KHTML, like Gecko) Chrome/91.0.4472.114 Safari/537.36"
A People's History of the United States,Howard Zinn,Length: 34 hrs and 8 mins,"Mozilla/5.0 (Macintosh; Intel Mac OS X 10_15_0) AppleWebKit/537.36 (KHTML, like Gecko) Chrome/91.0.4472.114 Safari/537.36"
The Return of the King,J. R. R. Tolkien,Length: 18 hrs and 19 mins,"Mozilla/5.0 (Macintosh; Intel Mac OS X 10_15_0) AppleWebKit/537.36 (KHTML, like Gecko) Chrome/91.0.4472.114 Safari/537.36"
Grizzly Killer,Lane R Warenski,Length: 8 hrs and 14 mins,"Mozilla/5.0 (Macintosh; Intel Mac OS X 10_15_0) AppleWebKit/537.36 (KHTML, like Gecko) Chrome/91.0.4472.114 Safari/537.36"
The Way of Kings,Brandon Sanderson,Length: 45 hrs and 30 mins,"Mozilla/5.0 (Macintosh; Intel Mac OS X 10_15_0) AppleWebKit/537.36 (KHTML, like Gecko) Chrome/91.0.4472.114 Safari/537.36"
The Return of the King,J. R. R. Tolkien,Length: 21 hrs and 52 mins,"Mozilla/5.0 (Macintosh; Intel Mac OS X 10_15_0) AppleWebKit/537.36 (KHTML, like Gecko) Chrome/91.0.4472.114 Safari/537.36"
"Sent to a Fantasy World and Now All the Men Want Me, Volume 1",Jaclyn Osborn,Length: 10 hrs and 17 mins,"Mozilla/5.0 (Macintosh; Intel Mac OS X 10_15_0) AppleWebKit/537.36 (KHTML, like Gecko) Chrome/91.0.4472.114 Safari/537.36"
The Prisoner's Throne,Holly Black,Length: 11 hrs and 57 mins,"Mozilla/5.0 (Macintosh; Intel Mac OS X 10_15_0) AppleWebKit/537.36 (KHTML, like Gecko) Chrome/91.0.4472.114 Safari/537.36"
Jurassic Park,Michael Crichton,Length: 15 hrs and 10 mins,"Mozilla/5.0 (Macintosh; Intel Mac OS X 10_15_0) AppleWebKit/537.36 (KHTML, like Gecko) Chrome/91.0.4472.114 Safari/537.36"
Leopard's Hunt,Christine Feehan,Length: 12 hrs and 45 mins,"Mozilla/5.0 (Macintosh; Intel Mac OS X 10_15_0) AppleWebKit/537.36 (KHTML, like Gecko) Chrome/91.0.4472.114 Safari/537.36"
Den of Vipers,K.A. Knight,Length: 19 hrs and 19 mins,"Mozilla/5.0 (Macintosh; Intel Mac OS X 10_15_0) AppleWebKit/537.36 (KHTML, like Gecko) Chrome/91.0.4472.114 Safari/537.36"
Take Control of Your Life,Mel Robbins,Length: 10 hrs and 3 mins,"Mozilla/5.0 (Macintosh; Intel Mac OS X 10_15_0) AppleWebKit/537.36 (KHTML, like Gecko) Chrome/91.0.4472.114 Safari/537.36"
The Hobbit,J. R. R. Tolkien,Length: 11 hrs and 5 mins,"Mozilla/5.0 (Macintosh; Intel Mac OS X 10_15_0) AppleWebKit/537.36 (KHTML, like Gecko) Chrome/91.0.4472.114 Safari/537.36"
How to Start a Mobile Spa Business,Ethan Robinson,Length: 5 hrs and 46 mins,"Mozilla/5.0 (Macintosh; Intel Mac OS X 10_15_0) AppleWebKit/537.36 (KHTML, like Gecko) Chrome/91.0.4472.114 Safari/537.36"
The Hobbit,J. R. R. Tolkien,Length: 10 hrs and 25 mins,"Mozilla/5.0 (Macintosh; Intel Mac OS X 10_15_0) AppleWebKit/537.36 (KHTML, like Gecko) Chrome/91.0.4472.114 Safari/537.36"
La niña del sombrero azul [The Girl with the Blue Hat],Ana Lena Rivera,Length: 21 hrs and 38 mins,"Mozilla/5.0 (Macintosh; Intel Mac OS X 10_15_0) AppleWebKit/537.36 (KHTML, like Gecko) Chrome/91.0.4472.114 Safari/537.36"
Unreasonable Hospitality,Will Guidara,Length: 8 hrs and 37 mins,"Mozilla/5.0 (Macintosh; Intel Mac OS X 10_15_0) AppleWebKit/537.36 (KHTML, like Gecko) Chrome/91.0.4472.114 Safari/537.36"
The Lion: Son of the Forest,Mike Brooks,Length: 12 hrs and 15 mins,"Mozilla/5.0 (Macintosh; Intel Mac OS X 10_15_0) AppleWebKit/537.36 (KHTML, like Gecko) Chrome/91.0.4472.114 Safari/537.36"
The Friendship Club,Robyn Carr,Length: 9 hrs and 49 mins,"Mozilla/5.0 (Macintosh; Intel Mac OS X 10_15_0) AppleWebKit/537.36 (KHTML, like Gecko) Chrome/91.0.4472.114 Safari/537.36"
Learn Jamaican Patois for Beginners: Learn the Jamaican Language Fast,Tafari Davis,Length: 6 hrs and 6 mins,"Mozilla/5.0 (Macintosh; Intel Mac OS X 10_15_0) AppleWebKit/537.36 (KHTML, like Gecko) Chrome/91.0.4472.114 Safari/537.36"
HOT Honor,Lynn Raye Harris,Length: 8 hrs,"Mozilla/5.0 (Macintosh; Intel Mac OS X 10_15_0) AppleWebKit/537.36 (KHTML, like Gecko) Chrome/91.0.4472.114 Safari/537.36"
Drop Zone,Rick Partlow,Length: 6 hrs and 58 mins,"Mozilla/5.0 (Macintosh; Intel Mac OS X 10_15_0) AppleWebKit/537.36 (KHTML, like Gecko) Chrome/91.0.4472.114 Safari/537.36"
A Dance with Dragons,George R.R. Martin,Length: 48 hrs and 55 mins,"Mozilla/5.0 (Macintosh; Intel Mac OS X 10_15_0) AppleWebKit/537.36 (KHTML, like Gecko) Chrome/91.0.4472.114 Safari/537.36"
Demon Daughter,Lois McMaster Bujold,Length: 5 hrs and 11 mins,"Mozilla/5.0 (Macintosh; Intel Mac OS X 10_15_0) AppleWebKit/537.36 (KHTML, like Gecko) Chrome/91.0.4472.114 Safari/537.36"
Dead Meat,Nick Clausen,Length: 38 hrs and 9 mins,"Mozilla/5.0 (Macintosh; Intel Mac OS X 10_15_0) AppleWebKit/537.36 (KHTML, like Gecko) Chrome/91.0.4472.114 Safari/537.36"
The Liar,Nora Roberts,Length: 16 hrs and 31 mins,"Mozilla/5.0 (Macintosh; Intel Mac OS X 10_15_0) AppleWebKit/537.36 (KHTML, like Gecko) Chrome/91.0.4472.114 Safari/537.36"
The Real Anthony Fauci,Robert F. Kennedy Jr.,Length: 27 hrs and 20 mins,"Mozilla/5.0 (Macintosh; Intel Mac OS X 10_15_0) AppleWebKit/537.36 (KHTML, like Gecko) Chrome/91.0.4472.114 Safari/537.36"
How to Trade Options,"Brian Pezim,Andrew Aziz",Length: 4 hrs and 1 min,"Mozilla/5.0 (Macintosh; Intel Mac OS X 10_15_0) AppleWebKit/537.36 (KHTML, like Gecko) Chrome/91.0.4472.114 Safari/537.36"
How to Win Friends & Influence People,Dale Carnegie,Length: 7 hrs and 15 mins,"Mozilla/5.0 (Macintosh; Intel Mac OS X 10_15_0) AppleWebKit/537.36 (KHTML, like Gecko) Chrome/91.0.4472.114 Safari/537.36"
The Keeper Origins: The Complete Trilogy,JA Andrews,Length: 75 hrs and 48 mins,"Mozilla/5.0 (Macintosh; Intel Mac OS X 10_15_0) AppleWebKit/537.36 (KHTML, like Gecko) Chrome/91.0.4472.114 Safari/537.36"
Reality Check: Making the Best of The Situation,"Mike ""The Situation"" Sorrentino,Andy Symonds",Length: 9 hrs and 28 mins,"Mozilla/5.0 (Macintosh; Intel Mac OS X 10_15_0) AppleWebKit/537.36 (KHTML, like Gecko) Chrome/91.0.4472.114 Safari/537.36"
Fall of Radiance,Blake Arthur Peel,Length: 50 hrs and 59 mins,"Mozilla/5.0 (Macintosh; Intel Mac OS X 10_15_0) AppleWebKit/537.36 (KHTML, like Gecko) Chrome/91.0.4472.114 Safari/537.36"
"Defiance of the Fall, Book 10","TheFirstDefier,JF Brink",Length: 20 hrs and 8 mins,"Mozilla/5.0 (Macintosh; Intel Mac OS X 10_15_0) AppleWebKit/537.36 (KHTML, like Gecko) Chrome/91.0.4472.114 Safari/537.36"
I'm Not the Hero: An Isekai LitRPG,SourpatchHero,Length: 17 hrs and 34 mins,"Mozilla/5.0 (Macintosh; Intel Mac OS X 10_15_0) AppleWebKit/537.36 (KHTML, like Gecko) Chrome/91.0.4472.114 Safari/537.36"
Soul of a Witch,Harley LaRoux,Length: 14 hrs and 42 mins,"Mozilla/5.0 (Macintosh; Intel Mac OS X 10_15_0) AppleWebKit/537.36 (KHTML, like Gecko) Chrome/91.0.4472.114 Safari/537.36"
Oath and Honor,Liz Cheney,Length: 12 hrs and 14 mins,"Mozilla/5.0 (Macintosh; Intel Mac OS X 10_15_0) AppleWebKit/537.36 (KHTML, like Gecko) Chrome/91.0.4472.114 Safari/537.36"
MeatEater's American History: The Long Hunters (1761-1775),"Steven Rinella,Clay Newcomb",Length: 6 hrs and 2 mins,"Mozilla/5.0 (Macintosh; Intel Mac OS X 10_15_0) AppleWebKit/537.36 (KHTML, like Gecko) Chrome/91.0.4472.114 Safari/537.36"
Cook County ICU,Cory Franklin MD,Length: 7 hrs and 3 mins,"Mozilla/5.0 (Macintosh; Intel Mac OS X 10_15_0) AppleWebKit/537.36 (KHTML, like Gecko) Chrome/91.0.4472.114 Safari/537.36"
He Who Fights with Monsters 10,"Shirtaloon,Travis Deverell",Length: 25 hrs and 18 mins,"Mozilla/5.0 (Macintosh; Intel Mac OS X 10_15_0) AppleWebKit/537.36 (KHTML, like Gecko) Chrome/91.0.4472.114 Safari/537.36"
Fae and Fare,pirateaba,Length: 61 hrs and 4 mins,"Mozilla/5.0 (Macintosh; Intel Mac OS X 10_15_0) AppleWebKit/537.36 (KHTML, like Gecko) Chrome/91.0.4472.114 Safari/537.36"
Steel Princess,April Grace,Length: 10 hrs and 34 mins,"Mozilla/5.0 (Macintosh; Intel Mac OS X 10_15_0) AppleWebKit/537.36 (KHTML, like Gecko) Chrome/91.0.4472.114 Safari/537.36"
Nemesis,Jeremy Robinson,Length: 10 hrs and 53 mins,"Mozilla/5.0 (Macintosh; Intel Mac OS X 10_15_0) AppleWebKit/537.36 (KHTML, like Gecko) Chrome/91.0.4472.114 Safari/537.36"
It Starts with Us,Colleen Hoover,Length: 8 hrs and 41 mins,"Mozilla/5.0 (Macintosh; Intel Mac OS X 10_15_0) AppleWebKit/537.36 (KHTML, like Gecko) Chrome/91.0.4472.114 Safari/537.36"
A Court of Mist and Fury (Part 1 of 2) (Dramatized Adaptation),Sarah J. Maas,Length: 8 hrs and 26 mins,"Mozilla/5.0 (Macintosh; Intel Mac OS X 10_15_0) AppleWebKit/537.36 (KHTML, like Gecko) Chrome/91.0.4472.114 Safari/537.36"
The Great Alone,Kristin Hannah,Length: 15 hrs and 3 mins,"Mozilla/5.0 (Macintosh; Intel Mac OS X 10_15_0) AppleWebKit/537.36 (KHTML, like Gecko) Chrome/91.0.4472.114 Safari/537.36"
It's Not You,Ramani Durvasula,Length: 11 hrs and 31 mins,"Mozilla/5.0 (Macintosh; Intel Mac OS X 10_15_0) AppleWebKit/537.36 (KHTML, like Gecko) Chrome/91.0.4472.114 Safari/537.36"
"Friends, Lovers, and the Big Terrible Thing",Matthew Perry,Length: 8 hrs and 49 mins,"Mozilla/5.0 (Macintosh; Intel Mac OS X 10_15_0) AppleWebKit/537.36 (KHTML, like Gecko) Chrome/91.0.4472.114 Safari/537.36"
Light Bringer,Pierce Brown,Length: 30 hrs and 8 mins,"Mozilla/5.0 (Macintosh; Intel Mac OS X 10_15_0) AppleWebKit/537.36 (KHTML, like Gecko) Chrome/91.0.4472.114 Safari/537.36"
Catching Fire,Suzanne Collins,Length: 11 hrs and 3 mins,"Mozilla/5.0 (Macintosh; Intel Mac OS X 10_15_0) AppleWebKit/537.36 (KHTML, like Gecko) Chrome/91.0.4472.114 Safari/537.36"
Outlive,"Peter Attia MD,Bill Gifford - contributor",Length: 17 hrs and 7 mins,"Mozilla/5.0 (Macintosh; Intel Mac OS X 10_15_0) AppleWebKit/537.36 (KHTML, like Gecko) Chrome/91.0.4472.114 Safari/537.36"
Mental Focus (440Hz),"Audible Sleep,Audio up",Length: 22 mins,"Mozilla/5.0 (Macintosh; Intel Mac OS X 10_15_0) AppleWebKit/537.36 (KHTML, like Gecko) Chrome/91.0.4472.114 Safari/537.36"
Blood for Power: Book 1,Scott W. James,Length: 14 hrs and 29 mins,"Mozilla/5.0 (Macintosh; Intel Mac OS X 10_15_0) AppleWebKit/537.36 (KHTML, like Gecko) Chrome/91.0.4472.114 Safari/537.36"
Think and Grow Rich,Napoleon Hill,Length: 9 hrs and 35 mins,"Mozilla/5.0 (Macintosh; Intel Mac OS X 10_15_0) AppleWebKit/537.36 (KHTML, like Gecko) Chrome/91.0.4472.114 Safari/537.36"
The Body Keeps the Score,Bessel A. van der Kolk,Length: 16 hrs and 15 mins,"Mozilla/5.0 (Macintosh; Intel Mac OS X 10_15_0) AppleWebKit/537.36 (KHTML, like Gecko) Chrome/91.0.4472.114 Safari/537.36"
Mental Toughness for Teen Athletes,Leo Black,Length: 3 hrs and 27 mins,"Mozilla/5.0 (Macintosh; Intel Mac OS X 10_15_0) AppleWebKit/537.36 (KHTML, like Gecko) Chrome/91.0.4472.114 Safari/537.36"
He Who Fights with Monsters 4,"Shirtaloon,Travis Deverell",Length: 22 hrs and 20 mins,"Mozilla/5.0 (Macintosh; Intel Mac OS X 10_15_0) AppleWebKit/537.36 (KHTML, like Gecko) Chrome/91.0.4472.114 Safari/537.36"
The Red Zone Rivals Series Box Set,Kandi Steiner,Length: 38 hrs and 59 mins,"Mozilla/5.0 (Macintosh; Intel Mac OS X 10_15_0) AppleWebKit/537.36 (KHTML, like Gecko) Chrome/91.0.4472.114 Safari/537.36"
A Game of Thrones,George R.R. Martin,Length: 33 hrs and 46 mins,"Mozilla/5.0 (Macintosh; Intel Mac OS X 10_15_0) AppleWebKit/537.36 (KHTML, like Gecko) Chrome/91.0.4472.114 Safari/537.36"
Resisting Maxu,Victoria Aveline,Length: 9 hrs and 50 mins,"Mozilla/5.0 (Macintosh; Intel Mac OS X 10_15_0) AppleWebKit/537.36 (KHTML, like Gecko) Chrome/91.0.4472.114 Safari/537.36"
The Sea of Monsters,Rick Riordan,Length: 7 hrs and 55 mins,"Mozilla/5.0 (Macintosh; Intel Mac OS X 10_15_0) AppleWebKit/537.36 (KHTML, like Gecko) Chrome/91.0.4472.114 Safari/537.36"
Mythology: Mega Collection,Scott Lewis,Length: 31 hrs and 37 mins,"Mozilla/5.0 (Macintosh; Intel Mac OS X 10_15_0) AppleWebKit/537.36 (KHTML, like Gecko) Chrome/91.0.4472.114 Safari/537.36"
Gravely Concerned,Rhys Dylan,Length: 8 hrs and 29 mins,"Mozilla/5.0 (Macintosh; Intel Mac OS X 10_15_0) AppleWebKit/537.36 (KHTML, like Gecko) Chrome/91.0.4472.114 Safari/537.36"
Murtagh,Christopher Paolini,Length: 24 hrs and 32 mins,"Mozilla/5.0 (Macintosh; Intel Mac OS X 10_15_0) AppleWebKit/537.36 (KHTML, like Gecko) Chrome/91.0.4472.114 Safari/537.36"
Becoming Supernatural,Joe Dispenza,Length: 14 hrs and 6 mins,"Mozilla/5.0 (Macintosh; Intel Mac OS X 10_15_0) AppleWebKit/537.36 (KHTML, like Gecko) Chrome/91.0.4472.114 Safari/537.36"
"Shōgun, Part One",James Clavell,Length: 24 hrs and 18 mins,"Mozilla/5.0 (Macintosh; Intel Mac OS X 10_15_0) AppleWebKit/537.36 (KHTML, like Gecko) Chrome/91.0.4472.114 Safari/537.36"
The Ashes and the Star-Cursed King,Carissa Broadbent,Length: 18 hrs and 57 mins,"Mozilla/5.0 (Macintosh; Intel Mac OS X 10_15_0) AppleWebKit/537.36 (KHTML, like Gecko) Chrome/91.0.4472.114 Safari/537.36"
Caste (Oprah's Book Club),Isabel Wilkerson,Length: 15 hrs and 10 mins,"Mozilla/5.0 (Macintosh; Intel Mac OS X 10_15_0) AppleWebKit/537.36 (KHTML, like Gecko) Chrome/91.0.4472.114 Safari/537.36"
Remarkably Bright Creatures,Shelby Van Pelt,Length: 11 hrs and 16 mins,"Mozilla/5.0 (Macintosh; Intel Mac OS X 10_15_0) AppleWebKit/537.36 (KHTML, like Gecko) Chrome/91.0.4472.114 Safari/537.36"
Silva Mind Control Method,"José Silva,Philip Miele",Length: 5 hrs and 56 mins,"Mozilla/5.0 (Macintosh; Intel Mac OS X 10_15_0) AppleWebKit/537.36 (KHTML, like Gecko) Chrome/91.0.4472.114 Safari/537.36"
The Promise,Mandy Morris,Length: Not Yet Known,"Mozilla/5.0 (Macintosh; Intel Mac OS X 10_15_0) AppleWebKit/537.36 (KHTML, like Gecko) Chrome/91.0.4472.114 Safari/537.36"
System Overclocked 2,Randi Darren,Length: 13 hrs and 41 mins,"Mozilla/5.0 (Macintosh; Intel Mac OS X 10_15_0) AppleWebKit/537.36 (KHTML, like Gecko) Chrome/91.0.4472.114 Safari/537.36"
Never Let Them See You Bleed,"William W. Johnstone,J. A. Johnstone",Length: 8 hrs and 27 mins,"Mozilla/5.0 (Macintosh; Intel Mac OS X 10_15_0) AppleWebKit/537.36 (KHTML, like Gecko) Chrome/91.0.4472.114 Safari/537.36"
Game of Castles 2,Marcus Sloss,Length: 8 hrs and 51 mins,"Mozilla/5.0 (Macintosh; Intel Mac OS X 10_15_0) AppleWebKit/537.36 (KHTML, like Gecko) Chrome/91.0.4472.114 Safari/537.36"
Face Her Fear,Lisa Regan,Length: 10 hrs and 43 mins,"Mozilla/5.0 (Macintosh; Intel Mac OS X 10_15_0) AppleWebKit/537.36 (KHTML, like Gecko) Chrome/91.0.4472.114 Safari/537.36"
Marcus Aurelius,Donald J. Robertson,Length: 6 hrs and 34 mins,"Mozilla/5.0 (Macintosh; Intel Mac OS X 10_15_0) AppleWebKit/537.36 (KHTML, like Gecko) Chrome/91.0.4472.114 Safari/537.36"
Can't Hurt Me,David Goggins,Length: 13 hrs and 37 mins,"Mozilla/5.0 (Macintosh; Intel Mac OS X 10_15_0) AppleWebKit/537.36 (KHTML, like Gecko) Chrome/91.0.4472.114 Safari/537.36"
Training Your Own Service Dog at Home,David Winslow,Length: 5 hrs and 16 mins,"Mozilla/5.0 (Macintosh; Intel Mac OS X 10_15_0) AppleWebKit/537.36 (KHTML, like Gecko) Chrome/91.0.4472.114 Safari/537.36"
Where We Started,Ashley Muñoz,Length: 10 hrs and 29 mins,"Mozilla/5.0 (Macintosh; Intel Mac OS X 10_15_0) AppleWebKit/537.36 (KHTML, like Gecko) Chrome/91.0.4472.114 Safari/537.36"
He Who Fights with Monsters 5,"Shirtaloon,Travis Deverell",Length: 20 hrs and 5 mins,"Mozilla/5.0 (Macintosh; Intel Mac OS X 10_15_0) AppleWebKit/537.36 (KHTML, like Gecko) Chrome/91.0.4472.114 Safari/537.36"
Smarter Not Harder,Dave Asprey,Length: 8 hrs and 31 mins,"Mozilla/5.0 (Macintosh; Intel Mac OS X 10_15_0) AppleWebKit/537.36 (KHTML, like Gecko) Chrome/91.0.4472.114 Safari/537.36"
